timestamp,production_units,m1_energy_kwh,m1_temp_c,m1_vibration_mms,m2_energy_kwh,m2_temp_c,m2_vibration_mms,m3_energy_kwh,m3_temp_c,m3_vibration_mms,total_energy_kwh
2023-10-01T00:00:00,0,1.5435020474308743,45.91211671375644,1.1179728291439277,2.7855095123993294,54.64164699027511,2.4740305634173785,13.971668753897415,79.62094609254709,4.372431690320888,24.1856298996386
2023-10-01T01:00:00,2,4.752754545432458,44.58624882836847,1.1678550418882103,6.638602355788668,58.71657733315399,2.3495772402092108,15.61151011359029,78.51710815944351,4.737783417453565,34.870690945490004
2023-10-01T02:00:00,2,4.623732305326377,45.48239239546882,1.242320525790111,5.873489032145885,55.18618445408535,2.5176145740954734,18.06624462132811,76.93769962704985,4.3251275859405185,36.56580441534893
2023-10-01T03:00:00,2,4.354132205836769,46.349385927599386,1.1602416097133195,6.099984716407571,58.04548507509213,2.645590382018047,16.238217032891047,81.54147487977642,4.456698066574542,33.484148890875886
2023-10-01T04:00:00,2,5.9787215390661075,46.03934988199562,1.297399824733889,5.223497123214748,57.710226024187136,2.4559882423448225,16.40351700250109,81.47406256955735,4.344948925821823,32.832533768122666
2023-10-01T05:00:00,2,5.76717168200986,44.942987822594716,1.197605724791427,6.815061324460296,54.5136091153135,2.681509997693491,18.015307841528273,73.82507902941687,4.730614403963606,38.223780163292346
2023-10-01T06:00:00,0,1.7012146843247538,44.57792094194517,1.148669589345412,2.500646452473829,56.66448964288679,2.679189584359708,13.222487374686105,76.36350862246982,5.155694162660412,27.11984256848847
2023-10-01T07:00:00,2,5.46229675293777,44.84749525378926,1.1765072798241063,6.278104655149699,58.37925772965773,2.3640906062145555,17.383146128013948,79.74319206658664,5.227485936593277,35.69655288502365
2023-10-01T08:00:00,15,36.54571695856747,53.143237633065155,1.1858991812610058,42.46635045806733,62.1829970216982,2.3722949122425314,56.89281075829532,92.1875806563497,4.987800336612937,144.73751005354396
2023-10-01T09:00:00,10,29.130702982018292,48.8586409687562,1.1626057758084936,33.80244512229556,61.894880265410094,2.38611977196645,46.061446912865435,89.98719641684187,4.614294803548345,118.71009149096152
2023-10-01T10:00:00,15,37.79561640731563,51.26925115428544,1.1705515017684602,41.62412574648529,66.03920034088296,2.480134645194721,58.43400437225502,91.13858484369126,5.222383916136423,142.9954304812296
2023-10-01T11:00:00,15,38.02152845796814,51.84165839949344,1.1333367232509637,42.48527613300108,62.89398512775832,2.3511740734902515,59.688952420600096,88.14261145589983,5.014991299579309,148.93689390958596
2023-10-01T12:00:00,15,37.355372887037916,53.723064481041774,1.2091717621417204,41.20344201964806,62.01826637021714,2.5116009982882104,58.15019524115569,96.58975909639753,5.015325692658933,142.1739533032211
2023-10-01T13:00:00,12,32.6286213784426,49.82010581320205,1.2971516823136506,36.2893065598989,61.50584018150741,2.4020703868613342,53.3654567674688,85.06785833593065,4.583227861378618,131.34248033294554
2023-10-01T14:00:00,11,32.46454846041882,52.36170234209559,1.1532254346107227,35.243770929241364,61.99418460181831,2.3246671620100527,50.74920001094374,91.07814807398398,5.017756013265638,125.74766356344144
2023-10-01T15:00:00,11,32.012864640951065,50.01700671782542,1.2382079062912945,34.75395921141876,60.36411649563376,2.6223244264604566,47.51166900220665,90.3117043911359,4.49104833744151,123.28936201367307
2023-10-01T16:00:00,15,38.42756535545727,51.50193917255344,1.295353589076855,42.55925113980754,63.597329374557894,2.6960137013062324,56.10932358839856,93.98601998006136,5.251005393730162,143.90970814847776
2023-10-01T17:00:00,14,36.11130161344476,52.14001737457684,1.2505876483693887,40.793198280128344,61.66498904925182,2.691256250915488,55.034571129525574,87.49336928556308,5.114246388509197,140.833549862039
2023-10-01T18:00:00,13,33.689960767375595,51.05537104749752,1.19064806948097,38.3174016262917,63.36742822916751,2.5497260825037165,54.61465812123123,94.07303385718762,4.367409140807741,134.60103633164766
2023-10-01T19:00:00,12,33.52168069536792,49.211860582842974,1.1153646038469718,37.25631189370978,60.92100915679791,2.387442852221494,51.100722513871524,90.4081306817786,4.359615231682816,128.85827211645972
2023-10-01T20:00:00,2,4.620149350591394,45.483876498112636,1.2820163901211252,6.478911042388834,54.383571103826895,2.3225886204553903,17.318079313644247,72.78022253783077,4.519978238485949,35.88016915025041
2023-10-01T21:00:00,2,4.6702747012465595,46.47845374919623,1.2469261876725732,7.1888225376425225,55.09165540611255,2.549320209108539,15.968326819027034,73.45729418925201,4.845950141839186,35.95297859201697
2023-10-01T22:00:00,0,2.9268706326211564,43.5288092554271,1.2210631848291469,2.696997500580479,54.453095888789136,2.363199258219042,11.988747394203791,78.5959068891484,5.055779008231994,26.678144985025195
2023-10-01T23:00:00,0,1.4519985970947884,46.490929446128206,1.1256365006151081,3.576965692076195,56.0134330603896,2.4106773427136843,10.960319506164117,71.32445711944051,4.626228870453215,21.69810817315301
2023-10-02T00:00:00,1,4.106017599646045,47.43738415587707,1.1228406800969215,4.343607877463187,58.5672002861978,2.543344248411506,14.948151162067894,78.64290870713626,4.767277572820245,28.510110689060603
2023-10-02T01:00:00,2,4.241195775007075,47.41489234360414,1.2344125957646657,6.82240660884917,58.3993601938235,2.362792295021264,16.892833739802526,72.60650752099572,4.442342874086129,36.278178403182615
2023-10-02T02:00:00,1,2.5080475092909458,47.135980404964826,1.1102381593391522,4.156770296974239,53.63077388636955,2.6892493579027628,13.323269403572539,74.86295917691847,4.838162572412202,29.66727663502174
2023-10-02T03:00:00,0,2.0265895774578544,46.84489136623826,1.1828438646584223,3.824996029301289,56.312724719756645,2.4288474842433185,13.002877623902428,78.75330275957562,5.268823805564232,24.68224072283375
2023-10-02T04:00:00,1,2.844867255815158,45.221099646459656,1.1049527115827626,5.08461547900548,57.45733101200464,2.681339603036951,15.97733531014229,72.37403592720463,4.447587260220311,32.3563007588758
2023-10-02T05:00:00,1,4.417050409806357,46.778656114199386,1.1190848931655493,3.6881311845781375,58.344600454250745,2.6858767169181754,13.394501537356081,76.1105295444799,4.588966204582466,29.207848997933638
2023-10-02T06:00:00,1,3.5510826329773035,44.34693568813139,1.1666981228558062,5.156653591449226,53.23347798311424,2.6932321048586476,14.025086463682875,72.16754982261199,4.897474568535582,28.108275676732376
2023-10-02T07:00:00,1,3.5360551981400477,44.51973597011472,1.2308581479572303,4.013808449618551,55.21112787017131,2.6745326907942975,14.111891289348062,71.7186739439695,4.73787444952078,30.459230799903345
2023-10-02T08:00:00,14,35.858118222542174,53.57661228489012,1.134273286340647,41.12244051750358,64.92924814815802,2.453755091438235,54.39387523304086,91.56055112553064,4.523374975941343,137.21764391077434
2023-10-02T09:00:00,15,37.06126879635057,51.44607867069369,1.1851119451525938,41.40843873564813,62.99602752950246,2.6690346843714923,58.85892824201803,88.1762986717277,4.926692320254942,147.16038143931965
2023-10-02T10:00:00,15,37.01680536429338,50.6739060892711,1.243229286887534,41.64755069569165,65.1549844887759,2.464489767839533,59.25779588241474,96.19413744160858,4.710150911327789,145.2091040089226
2023-10-02T11:00:00,10,29.29182229037336,50.122133049985806,1.2149300580536717,34.04227994006652,61.09145120996946,2.5050527252642594,48.0065206897241,88.57320554646398,4.697629211830899,120.40562791513123
2023-10-02T12:00:00,14,35.249726579976056,53.55194650496881,1.2351624471159042,40.68787911463646,63.40278099701892,2.625760294640991,56.13921743544029,96.43676427612743,5.294363739871812,138.45978637937318
2023-10-02T13:00:00,12,33.7351757352762,52.274859516921715,1.2163436474640321,36.27464004227603,59.82805654803903,2.6652458140144373,51.65287520250209,91.83088677102802,4.510282826203364,128.65204422649148
2023-10-02T14:00:00,15,36.508254859196256,54.39794871671348,1.209619158166625,41.090464708758034,65.2275083222286,2.6238099213100314,56.736887874111666,90.07133584330634,4.549424148209326,139.3558246515441
2023-10-02T15:00:00,10,30.543955863172446,49.10452684930689,1.276846878161155,34.74839287836615,62.95367233954186,2.3077222166467,47.53085373170177,83.84401025492006,4.97452541889165,121.00135648447505
2023-10-02T16:00:00,13,33.764936856227166,51.54635605728739,1.2327146478177666,39.09749510248237,61.665955551121876,2.6399449731167204,55.547122898027254,88.05999596131178,4.99430034886137,135.78190108303667
2023-10-02T17:00:00,11,32.468857562369095,50.06884822886384,1.2451259826647338,36.51019620379185,62.286682078183105,2.4305263404642923,48.291617245772194,86.64123158696411,5.140771598634709,124.18054370481013
2023-10-02T18:00:00,11,32.310186761256816,50.232615861244376,1.2157218897571511,34.71918280581623,60.75666541254316,2.6515973550152356,49.886680632317685,86.64421416176825,5.199254216601641,125.97371353274293
2023-10-02T19:00:00,12,32.014523645971074,52.43636443975699,1.2090800470773184,36.93950410910922,61.79151693362543,2.430809976039298,53.093639907243144,89.5640032676796,5.030967346212155,130.4064578662253
2023-10-02T20:00:00,2,4.675078821641623,45.64028355544665,1.2517411499694202,6.826003287572931,58.12981340145804,2.362584158941085,17.991871807268677,78.62639741663654,4.362250011899339,35.03891103740778
2023-10-02T21:00:00,2,4.734986066182714,47.34692325724565,1.172737178517835,6.804312983996245,58.642503138836304,2.3840222887367615,17.857905463854724,72.88815163717081,4.6391990759926545,34.6419083860592
2023-10-02T22:00:00,0,1.0282864084784318,44.61852687922235,1.205846621089113,3.8284531222496816,57.324721392812464,2.3141006411284537,12.011406971910267,74.6071380630465,4.409758718659486,26.122476244238992
2023-10-02T23:00:00,2,4.176898379310391,44.753101170815924,1.1101443705382048,6.806220667062415,54.53438645769905,2.4882583830506815,15.713682112307678,78.5480085301526,5.254413560286882,33.847185600611425
2023-10-03T00:00:00,1,3.845982866364446,45.09340320854259,1.1800405615209646,4.962438106302306,55.17238530850579,2.5416808484626396,15.443145091101435,79.24403480330946,4.489585094211853,29.729531622274948
2023-10-03T01:00:00,2,5.372098357250447,44.857874115345446,1.1832037271954938,6.713296314557864,57.72359320077941,2.499124185780148,14.584577051930607,78.29024312286016,5.244442415156102,33.9046714543302
2023-10-03T02:00:00,1,2.915570241166953,46.893075355037695,1.2989686516165304,4.0731939297293085,55.729035800149504,2.3473423943213816,13.58211396665283,80.81158827320289,4.338658113311163,26.911374962901657
2023-10-03T03:00:00,1,3.6718826089518917,43.96338094556888,1.1607693027482737,4.61223900543677,55.81164575134143,2.3240089641925126,13.959967717566599,77.85703117726426,4.839929658244052,30.875842482754578
2023-10-03T04:00:00,2,4.715554958844232,46.72575124578241,1.1770236259069546,6.593711613377138,53.25857893740992,2.438847250501655,15.517313027278554,81.20352810094535,4.526262643705717,31.878894526824624
2023-10-03T05:00:00,1,3.4373967104156296,43.97955856105239,1.2257789725446218,4.565801218592239,54.91533922611172,2.334326664528282,12.75212409507185,76.83638424695532,4.695088469214271,25.88011447184992
2023-10-03T06:00:00,0,2.991447637276737,44.80553462922602,1.2133101968454896,3.3509008070750066,57.532766683838766,2.5288582134299085,13.654921419588907,70.32393165022744,5.183360782827653,28.59701884334015
2023-10-03T07:00:00,0,2.768882761943938,43.30964398153648,1.2250989518080917,3.7104891862398515,54.45481793997198,2.40188937311951,12.28017749298252,78.62640922888804,4.792744210297027,24.91747466107633
2023-10-03T08:00:00,12,32.36933919581254,52.15008192792069,1.1735290351631273,38.04980391958186,63.37326490343419,2.477229045956512,50.103480303198324,94.06760733614124,5.109891153201339,126.55600734554848
2023-10-03T09:00:00,10,29.113312848452935,49.05906188982179,1.1438320340589614,33.1791987043749,58.50755837405963,2.4500590950535654,47.54321976409629,83.73530427380304,4.610084822880952,116.83266292012054
2023-10-03T10:00:00,11,32.19094547603496,49.545319573712476,1.2445060229737122,34.96153691365275,61.88262234915711,2.452941603115278,50.4572869277493,91.76679064074938,5.238565397096507,126.50893133096649
2023-10-03T11:00:00,13,34.515500796931946,51.26888490724881,1.2055596424596307,39.227752307901525,61.83475591279713,2.333128829382879,53.78066286807107,87.98502837936165,5.271288887665002,133.85246421327176
2023-10-03T12:00:00,10,29.508484536710032,48.45411818391715,1.197915962406494,33.997701698935174,60.93092057935908,2.468598621692171,45.374782499076815,88.40461024905808,4.3404805011147545,116.32762300026153
2023-10-03T13:00:00,11,32.31241272377622,52.46238863699217,1.1022386575933236,35.69297295459054,62.60897049517517,2.357675768603563,48.99382350677529,88.41078134283904,4.787499227834932,123.73301568937794
2023-10-03T14:00:00,11,32.102245444139285,48.66995885821091,1.226900468333297,36.53136742093686,61.23632861011894,2.4755367223394895,47.60280520416852,85.0804155745729,4.478627690316259,121.41303257884577
2023-10-03T15:00:00,12,32.21453817017969,51.81875774683114,1.160891492835461,37.375964112581244,61.358733842724604,2.6696597174541896,49.4146927447656,84.55474888829727,4.3382919912654065,127.57170455826751
2023-10-03T16:00:00,14,36.89371748834078,52.62352653638246,1.2690591742493305,40.440647019328516,62.187869894314616,2.621869789707784,53.994780590411025,94.82062953093482,4.8627117306418235,137.5469347230192
2023-10-03T17:00:00,11,31.784738599800978,50.32854875162408,1.2056973213551339,35.340501038245684,59.56441577833489,2.3133681890778983,48.72765441137244,87.90490780895696,4.8000305531756435,121.25395694346304
2023-10-03T18:00:00,15,38.03812031849925,52.4431924430658,1.2553293615980459,41.01652410508829,64.14142225363581,2.579382278105154,59.67192651441028,93.98759017257913,4.763700049483341,144.08551240507768
2023-10-03T19:00:00,12,33.97563903383292,51.842806508981745,1.2250178184551748,36.42369288502934,59.53938598897807,2.5838852240457815,53.03657931055409,88.62738165142147,4.646518146536668,130.76674220244203
2023-10-03T20:00:00,2,4.6902768844744465,46.80885248525666,1.1153812349649042,5.464649853461038,58.43680092995493,2.335302880616317,15.772696298491825,76.21155136498987,4.978737897864487,31.873498636572982
2023-10-03T21:00:00,0,1.6928880567717255,45.61324741929558,1.1905984197253672,3.848171521764135,52.333518485137894,2.5648014219548427,11.648871348510601,73.20465587853789,4.668991381609761,25.69717110313134
2023-10-03T22:00:00,0,2.684044183281303,45.95158368160349,1.17839583414464,3.2249661393492994,52.5199979581762,2.549397147989321,12.381077525243246,70.25605795461966,4.886795517860299,24.63586132061392
2023-10-03T23:00:00,0,1.7860006066849428,44.459832837406914,1.27567717072268,3.105042106051001,55.381703725227396,2.66718461582758,10.41048568074341,76.5696189179292,4.400798076757406,23.27396209588629
2023-10-04T00:00:00,0,1.3959918522141508,45.94600329950461,1.2575297747528655,2.6181591228347316,55.8767965012524,2.473911232536581,10.677003942664605,74.33342696913695,4.656439520300376,23.91170736445522
2023-10-04T01:00:00,2,5.558580719497651,44.658366019499596,1.2974613961181882,6.6275568611169025,58.006279879307876,2.6511022301517793,14.413969237145908,72.54702355317797,4.976112803630561,35.258790719656716
2023-10-04T02:00:00,0,1.4286890388863736,45.99273376875119,1.2036862600647016,2.3176384557805676,55.68661740386981,2.658511416383059,11.33497992384861,72.03616057125005,4.597514060160243,20.29074162620637
2023-10-04T03:00:00,2,4.708240023123498,44.06568831751236,1.2091672170834384,5.945984766091756,57.98599178260927,2.6823983116221903,14.85644386826146,79.53721086466044,4.539305901437315,31.548752147101183
2023-10-04T04:00:00,0,2.6492162789533995,43.696799419273155,1.1682282078048265,3.538052283268142,56.37956942115471,2.4129940225963704,11.805356303304865,77.80375916118423,5.248365649916002,24.736206685530384
2023-10-04T05:00:00,2,5.832831097112914,44.813963172228505,1.10108815394958,6.967342181489503,57.59742188334976,2.695980652412321,14.548856736378658,74.62833816805133,4.69209628659176,32.71319610401664
2023-10-04T06:00:00,0,1.8956926826395002,45.71889168527274,1.130982161891421,2.486674885135649,53.52842529207051,2.465048965090114,12.976819385907728,71.93777068973212,5.006389836370365,27.04247080252779
2023-10-04T07:00:00,0,2.614051819987015,45.25399146721237,1.1039625855408823,3.0299646400992017,53.38832177838199,2.64218438214569,13.387908606506565,79.93271235924472,4.545458237405509,25.433077743549177
2023-10-04T08:00:00,10,30.18707018298182,49.23889190515515,1.2582461843227053,34.008882359585215,62.98590341560194,2.6569044922912806,48.46183028899746,84.2534971254057,4.963136622394627,120.79134294834118
2023-10-04T09:00:00,15,37.58555789580229,51.309462037924995,1.2916919059139342,42.61019337577132,65.36523283343617,2.520377572616494,58.43046897665049,91.16895089784295,5.223281409967676,148.09058198907874
2023-10-04T10:00:00,15,36.64559178521068,52.77954706581267,1.2361849594241232,42.85924414773169,62.91924685410883,2.3273749648444637,56.348984755300485,91.26467585129231,4.908779781316644,145.840233301329
2023-10-04T11:00:00,14,36.252500078557084,53.4403260523468,1.2014256042890783,39.666038025976114,65.61092306746845,2.4037796235606668,54.25248266917086,93.33255469873184,4.744773474625419,135.26496667177216
2023-10-04T12:00:00,12,33.444072085177545,49.011213713906095,1.2185791092317741,37.58227936491877,59.327736470926425,2.5092922991995783,52.07266244747069,90.04498652963244,4.8788201289493305,128.86795627473856
2023-10-04T13:00:00,14,36.26933814437525,50.87524113715286,1.1337888202074686,39.95404982359918,62.74690321078575,2.471384427149011,55.86595417429389,91.19185261235917,4.603237432183321,141.25332734961546
2023-10-04T14:00:00,13,34.63883582069627,50.25351576391618,1.1371329565978336,38.14503479401879,60.621535330289966,2.3412053119844907,52.79268924932761,88.10013367334584,4.6544559150226155,134.01199669562857
2023-10-04T15:00:00,12,33.43131241980158,52.920319165875156,1.116223687589545,38.17079775067744,62.145632782750354,2.443676971290254,49.63646530688109,93.03370241893188,4.760010445684722,129.95305179138916
2023-10-04T16:00:00,12,32.28038989140559,49.96893568354683,1.245284572546324,37.66915275306074,63.200949097814544,2.6050345264316412,51.70960672167992,92.45942070642872,4.913626769961312,127.659955696336
2023-10-04T17:00:00,15,37.38714836447842,50.80145524845644,1.236462895794852,42.02159997132611,62.30709926949854,2.5886056835760796,57.22211166816135,96.4911864670052,5.289686049691369,142.74945144961018
2023-10-04T18:00:00,11,30.879024782007516,52.17551220756434,1.168272341750579,34.89452202837213,60.906646970275844,2.3396509700074044,49.89272932972706,87.3422307100558,5.044921972946032,121.3529213075044
2023-10-04T19:00:00,15,37.60936012502941,52.800007583499244,1.2873580716006623,41.14516453796499,65.64147771707096,2.634429600405225,58.08873648994614,95.16871751764234,4.885174485831208,144.10312816313993
2023-10-04T20:00:00,0,2.520948949545083,46.613166950099306,1.14122025391085,3.4023321040504038,53.362490622340566,2.405361523241516,12.462531470411813,72.50186241586212,4.389902712202508,23.6023536080839
2023-10-04T21:00:00,1,2.9394250849462025,45.127429140113406,1.2329818490569164,5.4217601137828275,52.850784699568045,2.484293054615201,13.867796237365543,80.33856267721764,4.550941390293955,30.36004482683273
2023-10-04T22:00:00,0,1.1188962742134592,43.04992984000924,1.1230859646680453,2.7094558937504987,55.15927666674043,2.6303764162766936,11.999718471539296,77.34484849506998,4.653756555120146,23.400900343793303
2023-10-04T23:00:00,2,5.738199378166434,44.13964595873211,1.1144968610709707,5.205361496744287,55.609428041403454,2.65502633505826,14.944169913215228,79.07262484484681,4.475394491500334,35.082449866238505
2023-10-05T00:00:00,2,4.424240378375304,44.0734670256361,1.278968494437742,5.909415006226862,53.469719603493644,2.523406087680887,18.23187938337182,77.5732228675359,5.028043368490431,37.55428650674146
2023-10-05T01:00:00,1,2.5592450869348564,45.839265749477796,1.1633688117486258,4.345112801141499,58.05787103717028,2.4605778565711796,14.90235493073262,75.42545786806788,4.686182138666824,30.229475139377733
2023-10-05T02:00:00,0,2.936561408013187,43.356302588821876,1.1521978858481103,2.5003114659724606,54.75629048469847,2.603663293670375,10.577139802253122,79.73570813693478,5.0408779494422,25.47671180928287
2023-10-05T03:00:00,1,3.1082139207834416,45.06729125941993,1.1594038146441628,5.2035592651456675,56.41922918347307,2.335906995138601,13.381654424101537,80.39305704642696,5.024937314025028,30.350786210322205
2023-10-05T04:00:00,2,5.622504676776853,45.7104732044757,1.1774214147634345,6.137093610781679,55.30596519408595,2.3604732391230963,15.447257943297238,77.03806186300831,4.360840209515482,34.656004736462286
2023-10-05T05:00:00,2,5.543188001313361,47.35105726675298,1.1876318471738896,5.607119090544763,54.343059710944985,2.3286395798663975,16.36578924439882,76.366922595683,4.992131337015273,32.92833316440011
2023-10-05T06:00:00,1,3.6748784375483803,47.04596410418883,1.2297344632404013,5.114334918923129,55.43536008991205,2.653954249914694,15.396689167365043,79.55156380620987,4.7305303333721085,29.63559420029204
2023-10-05T07:00:00,1,3.533802467390821,45.865189852531685,1.1302978828389636,3.94463134450931,53.51012958797103,2.645393022749946,12.577412163483316,79.8968224879196,4.776354100388356,27.446912282231786
2023-10-05T08:00:00,12,33.013328251546014,50.84297615370195,1.1251488423885627,36.7013514835721,61.80038587768429,2.3229611503421363,50.51480596036253,89.13875282064598,4.328109530087518,126.10498949610266
2023-10-05T09:00:00,13,35.226354335211504,49.69824646316119,1.1920258813839528,38.57875608024436,64.81022027811368,2.6632713742965866,55.04778916030918,86.17285323541343,4.608577165645044,137.69024072792746
2023-10-05T10:00:00,11,32.08449668701919,49.574567108519865,1.1547066133300734,35.58790690368724,61.5847766511973,2.5741200964188913,49.01851924733069,88.53976961354884,4.3701994531893416,125.28074982888016
2023-10-05T11:00:00,11,30.543710760745277,50.190921642829714,1.1671610856721253,34.68733775278482,64.54609737809099,2.575693000842456,47.64898895187373,91.5505181077194,4.876604791251681,122.05511439054203
2023-10-05T12:00:00,15,37.18216734717143,52.60019686339666,1.2018848060996288,41.482295595215874,63.78920992005932,2.4605818963168105,58.02675172508758,95.91083760535967,4.502557474168065,146.46810402291933
2023-10-05T13:00:00,12,32.212840708643995,50.77043166004446,1.1337845922979448,37.565098156217225,62.97713847136819,2.3580272782099456,51.08408435927501,89.76218067830823,4.348793078415566,128.1065442973517
2023-10-05T14:00:00,11,31.148066933496402,48.56340235396112,1.2113279232404623,36.425297831855225,58.72115573275975,2.545113882133243,50.412596866739314,91.01237265442674,5.2924634086894855,124.06875889088586
2023-10-05T15:00:00,14,36.41741523851111,50.74225299681834,1.279749650751236,39.69942261930391,60.70339998325141,2.383638415559463,54.35604365482237,91.70735812714607,4.4709935893647845,137.58901006649666
2023-10-05T16:00:00,13,34.421049917283625,51.42871069309014,1.1228851273569376,38.074733984116065,61.05302575908022,2.3237613775086654,53.51141488192958,92.31695598064931,4.353748522806794,133.3185495587621
2023-10-05T17:00:00,10,29.48522090637543,50.042677457786354,1.2731353320570569,33.496361351424966,63.19925087883421,2.3929814840539976,47.17479839994757,90.71669282340308,4.9913398098395145,120.02972784842419
2023-10-05T18:00:00,15,36.694844928926784,53.61011996533464,1.2825306367954528,41.5787123583806,64.70208729873164,2.4405148759558224,57.173511447907444,89.74814282388826,4.936999900202488,143.599521911257
2023-10-05T19:00:00,10,30.119133554221087,51.259960329386715,1.2404856018392292,34.086657088089034,62.08037199767958,2.3947754443488787,46.69931108253223,83.31330403754431,5.0930204153579774,119.59189081240899
2023-10-05T20:00:00,1,3.7693557692077655,46.2117729607038,1.225645244444382,4.9819846309417075,57.451294212095476,2.5598197621220478,13.500242300418222,72.87232162252981,5.089631607566638,27.393951938910455
2023-10-05T21:00:00,2,5.984854260447436,47.89587416490815,1.125794332974639,6.190578796869727,55.82373347578045,2.3631654014306016,18.199009034461525,73.19978946406047,4.962707345704428,37.663513922160064
2023-10-05T22:00:00,1,3.1275873732799284,44.69162396676166,1.251986221810681,3.6836832097353724,54.12909842326588,2.5181742795659643,15.059264713502348,77.07938578483488,4.836151440166876,29.182378974280766
2023-10-05T23:00:00,0,2.187100127941788,43.45396443979888,1.1134929741004926,3.058582670276352,55.39711167222992,2.630444600770019,10.185158590518364,76.49927213427874,4.889932289941873,23.969890616222642
2023-10-06T00:00:00,0,1.7807344737223854,43.69128568126278,1.2623737652082707,2.6931747117768285,57.9680131968939,2.3364252497843983,13.495402887922946,71.92238449390811,4.4418964849575735,26.38047083616415
2023-10-06T01:00:00,1,2.5235525035261324,46.681086118671466,1.194754031889193,4.38166311466766,55.60872673467358,2.5119680327682428,12.27115907352496,71.54780405848707,4.485094691608556,25.4215150829975
2023-10-06T02:00:00,1,4.37356203477238,45.768624566951324,1.163576341560251,5.220656309978096,54.949999625346216,2.373952896334237,12.510347932935602,75.90667481328443,4.515017042172868,28.176341859918658
2023-10-06T03:00:00,1,2.950617828038171,45.52289002720675,1.2603440552462304,5.3274369496359615,55.77651520332792,2.3908003816138956,15.696401666377703,78.76451485580934,4.9186360985264495,32.19592130615319
2023-10-06T04:00:00,2,4.854482417018188,46.6463277905138,1.217762909533209,6.972709715029767,55.277848179940676,2.495954033639812,15.692280724320659,72.89657114885303,4.301587693384306,36.92295281664004
2023-10-06T05:00:00,0,2.3476412649294325,44.89173273529543,1.2712631054766346,3.6161024090866283,52.04939834150717,2.488925419939721,13.105931060376609,70.37167463656857,5.279454522309194,28.094937365290882
2023-10-06T06:00:00,2,4.561155262775197,45.561307558271174,1.1555271890790055,6.534898202447176,53.2434553743054,2.5114880588093955,17.361647179651037,74.30215170453798,4.599490375499697,34.559567434829845
2023-10-06T07:00:00,1,2.9697746193787333,46.955363679566126,1.199168582676657,4.640706503370513,56.46553353516368,2.394039423240189,12.238591965072747,77.19348797804359,5.121921681363792,28.209330521492195
2023-10-06T08:00:00,11,30.554422301094874,49.92031560835796,1.169588797760845,36.26180355578598,63.70007288488319,2.353180787204998,49.54857697618445,86.79629626043719,4.900262832861413,121.82079857283152
2023-10-06T09:00:00,12,32.5479959527702,49.00831462183155,1.2941133692280165,37.82128819649925,64.10762841509052,2.4007997105724095,50.82260472201381,91.13056867412536,5.2526134661044015,126.47405412277476
2023-10-06T10:00:00,15,37.20306426098533,52.931298372538194,1.1427227438259608,42.69690672374381,61.2163504056799,2.6571372823778625,58.19404409664695,88.30642518151282,5.154844126956086,146.03566392593783
2023-10-06T11:00:00,15,38.33071225801109,50.974956502303456,1.1424342061085666,41.32377081520987,62.80789224291293,2.3401799955868983,58.56381824043528,95.39572740702567,5.044045787149529,147.16640946566216
2023-10-06T12:00:00,11,31.431346029067463,50.01531549990851,1.1588467067434995,34.7635548670213,63.700468159762245,2.5995882360654465,48.08070261011001,84.55256872391234,4.6390692119265164,119.74537916851808
2023-10-06T13:00:00,14,36.409486944260124,53.80869873305958,1.1640674675014786,39.5808760356589,61.350347556158226,2.3020554644833444,57.20413535938069,94.4908551871062,4.742764025460364,142.3731050404201
2023-10-06T14:00:00,13,35.42008460635679,52.6727608788087,1.196414834822936,39.70079470585761,65.02099752438178,2.679912120407088,51.81032731541582,88.09137452158488,4.757471802634502,135.09847451716462
2023-10-06T15:00:00,15,38.03462405916469,51.03186718611449,1.2718087253339088,41.36771745989226,62.238134811602684,2.4598565455384143,57.971506360457326,97.1405995502046,5.2185802222787085,146.49678276229997
2023-10-06T16:00:00,15,38.04280237925041,51.91769888526033,1.2509836986001126,41.45290405641549,61.878729406733136,2.680231569398534,56.21153966439621,95.10686747799708,5.181799893368862,140.74849911553565
2023-10-06T17:00:00,14,35.53587985631941,52.74746884863577,1.1058197323637167,40.111055890564245,65.78305601352932,2.640950957864657,54.70537304690427,91.06333638692608,5.044527166680833,135.7982557458897
2023-10-06T18:00:00,11,31.382168529037287,48.84700843920187,1.1886114905217309,35.057259418290016,60.93452194923775,2.320004082973151,49.36282837571751,85.50348096448248,4.466189351307191,123.19369104909512
2023-10-06T19:00:00,10,30.672195401810114,50.3845904945071,1.270537679026578,33.583011161097765,59.1230604854687,2.498504380966768,48.521399847986885,90.66234336736116,5.113357162330195,121.0210335763886
2023-10-06T20:00:00,1,2.6288758014062035,45.439992357363856,1.1377148281743676,4.412279187232855,56.514877991602646,2.62110793101624,13.022990608900585,76.20218595515037,5.125034082626429,26.951780410952146
2023-10-06T21:00:00,0,1.7957010519187389,43.01919911113878,1.1876041225495342,3.0591331321344724,55.682750339821936,2.43456396739207,10.722923739778402,77.00292318029202,4.859922698372215,23.70019761523904
2023-10-06T22:00:00,0,1.3703791610934644,44.18737567491002,1.142159471460125,2.6457173722089022,57.66910376841164,2.392658813151143,12.432133446142103,79.970551861529,5.200043027162043,26.39871892248617
2023-10-06T23:00:00,2,4.4712785280296075,44.150659505294406,1.2064462033149668,7.1092713328840444,55.43166442218286,2.6357630136050756,14.562167138635642,75.54062167365907,4.315754613214004,31.746027269743074
2023-10-07T00:00:00,2,5.30088185106878,45.43111901932693,1.1719983110505308,7.080837480369117,57.26039998237927,2.430216969174354,16.95204007138699,74.14895849538723,4.937813452857967,38.98419197342676
2023-10-07T01:00:00,0,2.9556337202038145,43.325264742291616,1.1117567086607871,2.733495723035933,56.40961386110586,2.620126613744247,11.483429757869004,74.78203241333537,4.362753563330196,22.90649408350521
2023-10-07T02:00:00,2,4.160919808707433,44.77649027960638,1.175292175082189,5.241987733107177,55.535574160762984,2.5642813594737657,16.528525670050332,77.53921625287514,5.060798708237908,32.01137568802962
2023-10-07T03:00:00,0,2.2384970704328992,44.17630383127484,1.197845845847915,2.2783591540609636,52.89103949366048,2.48127011937282,12.461130189821917,78.24371982944395,4.508126668219726,26.389499877227053
2023-10-07T04:00:00,0,1.6486953373917974,45.827535298933114,1.1333984447724377,2.119566470981169,56.451899395645896,2.382781510177979,10.58696868640309,70.09221909282853,5.074689793613954,21.337503999824662
2023-10-07T05:00:00,0,1.0263216325158413,44.73472576893162,1.242040889453735,2.7935877103323437,52.18746089326531,2.6147454598515516,10.774451601726762,70.47964497439072,5.179419119852504,21.43186979873522
2023-10-07T06:00:00,1,3.7400369800254447,46.94254632595987,1.2852542455827975,5.500241697158424,54.871492444117074,2.483951670994259,12.626519063652278,74.72540676773068,4.474037334817199,29.32864141098799
2023-10-07T07:00:00,0,2.862067604397054,43.92530993057222,1.198046325244832,2.0452516744963636,57.314724792130676,2.5866695410264002,11.038405120157442,77.42786973252568,5.222121426848838,24.135748119467696
2023-10-07T08:00:00,13,35.43476003507136,52.778807136496816,1.1694685298040042,37.89639888685905,63.912627885019994,2.502285314563564,53.99172029715628,89.5054683103273,4.688606946498417,136.03325687819896
2023-10-07T09:00:00,14,36.9017727542853,52.029966858598556,1.236099737274202,40.45521579346591,60.94067295426181,2.592763505769188,55.99775910328204,90.40757406104852,5.079739829711943,139.95085508314756
2023-10-07T10:00:00,10,29.267084440870356,49.19878759796802,1.1780875657835665,34.09178705769554,58.29605474159368,2.5709455317816516,45.281235067418635,88.79871863407305,4.357416985265604,116.61252358847992
2023-10-07T11:00:00,14,36.808981347762,52.08006606550964,1.2486961962656553,41.188546889032914,64.48696993611344,2.3676822817154135,56.23853594288457,89.45073589066294,4.5530724166805525,141.0375011683194
2023-10-07T12:00:00,10,29.935685960376887,49.10079649746398,1.2568498046644065,33.64802883890001,63.720543929353234,2.6832431086948336,48.770173500907795,84.91045727740885,4.3792918551191455,120.21813011536983
2023-10-07T13:00:00,13,34.08817422938476,51.85198703994039,1.1828624668777756,38.5507428322631,63.349904332837866,2.610317214959768,55.31563101605103,94.4837803433822,4.757894809131537,133.6753054932079
2023-10-07T14:00:00,14,35.87947118398026,50.72133468018892,1.1456965790577567,40.082595180510076,63.85973616549203,2.4685905562197403,56.89674229950716,88.3217073813941,4.357836971711963,141.53366682214966
2023-10-07T15:00:00,13,34.655240149295366,51.47743455985912,1.2102492213982032,38.885569828567554,60.33931705604535,2.321275016029545,52.561183114840304,92.42816058549643,4.909178627886936,132.80326928629887
2023-10-07T16:00:00,14,35.07482186782562,50.33652309547344,1.128077374255712,40.47182462316832,64.99907093293196,2.536746990352462,57.14211523198264,87.07978357068144,4.599133071140607,140.30148109861335
2023-10-07T17:00:00,13,34.651809740935136,51.21632550948728,1.1284826349234391,38.0184516322373,63.39135204671697,2.6828839590753666,53.609442624112916,90.02504001386174,4.806222010487616,135.77290991260344
2023-10-07T18:00:00,15,38.40731696680613,53.431517707303556,1.2966314452184355,41.5654396918935,61.79832594543074,2.532085677439176,59.760837666670625,92.94591387514981,4.956637783191148,147.0813300156425
2023-10-07T19:00:00,11,32.014068358604234,51.24352554752879,1.2489939683053952,35.4382212261242,64.19788630195944,2.6544390384203496,49.82524611934177,83.88364734520422,4.312270342984079,126.51057600284432
2023-10-07T20:00:00,0,2.9122991536739544,44.722424438737896,1.2670970581555168,3.110834286972154,55.286013313779065,2.3377823641773743,10.14770360342401,70.77612673324907,5.018063256046353,21.244957749201955
2023-10-07T21:00:00,2,4.783749525500034,44.902847314849396,1.1736402247658089,7.1613586048439535,58.475477202547545,2.407070695965917,15.394985478525594,82.33955442283255,4.558082527929138,37.314761623722816
2023-10-07T22:00:00,2,4.085829433181584,45.06695072346138,1.1681679059583925,6.134700036185623,58.387767404130514,2.6275343345365254,15.29203486282399,75.60850539417068,4.473571056903851,32.08425177888271
2023-10-07T23:00:00,1,2.8915277368204966,46.91258289910009,1.2333317333498475,3.6132164546931214,57.52863951581416,2.3949187466351454,15.210202808219233,79.9091101997723,4.433733429306417,30.836309163885318
2023-10-08T00:00:00,2,5.004508524343829,46.77999185795346,1.1218804739765016,7.1418992342172665,55.62334853833274,2.6399664150190008,16.134633528775723,75.86230814559536,5.263367963354745,37.83174085755148
2023-10-08T01:00:00,2,4.329763525300226,44.08473979716892,1.281881175918201,6.034302022834622,56.15547115117843,2.440657125118591,16.367055176513524,77.99434074891332,4.952683758870792,36.16837030900638
2023-10-08T02:00:00,1,2.907103021151631,46.19195161685575,1.2140497837122162,3.8971055005794497,55.476398910262546,2.3674590972864866,14.3924152276997,79.76715123413837,4.71406850177242,29.804672107459638
2023-10-08T03:00:00,0,2.8586198675033723,46.7213626300061,1.253230492453758,2.296466733303924,52.42149249258769,2.4710073371220207,10.367644528867833,72.05336872622979,4.499839135105075,23.276300357728886
2023-10-08T04:00:00,2,4.593320644376574,44.28960550697144,1.1453937351386938,5.962907065974035,54.55526945943286,2.373599291977084,15.747190803028024,74.11009144648152,5.106521682350423,33.87364695614455
2023-10-08T05:00:00,0,2.5722091326157557,46.682947029630085,1.109973931691361,2.996298840738171,55.55763968334251,2.6914128743035457,11.67984137720995,78.01321205027212,4.909644119511066,26.53457867631468
2023-10-08T06:00:00,2,5.507905513970504,45.684511422728306,1.113729111464444,6.2755227541642515,53.90593863093786,2.5707440097413286,14.6489217503648,80.38052805896115,4.707755102137751,35.59853709142835
2023-10-08T07:00:00,2,5.379529921435502,46.62190129423294,1.231042013671884,6.844290009400828,58.06142596086344,2.4082491626155043,15.957428200977379,73.22309943119983,5.127683960423481,35.78180381901953
2023-10-08T08:00:00,14,35.94495007869397,53.84936818627756,1.1604296126466926,40.925767703721924,64.45045279588791,2.386156749138135,54.32597487255118,90.12268440384771,4.825382013650602,137.5558047737957
2023-10-08T09:00:00,10,30.540507266909202,49.85802609956956,1.1830394067087042,33.81530752941424,60.91557911947032,2.674432578124064,48.372246462429274,88.38653647953528,4.875542931891291,122.3354100352294
2023-10-08T10:00:00,10,30.928826782581062,50.50986192258239,1.1120057171914903,34.64352067979074,63.400749415405116,2.6163192635338226,47.706226497513974,82.48823652497285,5.097012869518756,120.30566984229833
2023-10-08T11:00:00,12,32.25148464750416,49.31670472301431,1.1496110771038912,37.701854418155364,60.444770025293195,2.6747733742631388,50.58527977026412,89.84305046020708,5.222181346350946,129.39233022359247
2023-10-08T12:00:00,11,31.743462372929315,50.89623926751009,1.1534190180622987,35.009777160615826,59.782649975937865,2.3590503102329494,50.010776761635015,88.47856157325869,4.629019588242332,122.78275943108787
2023-10-08T13:00:00,15,37.79109678467472,53.0060279768965,1.232532385334174,42.4793717271714,66.37168356173493,2.5157628444025293,56.63037732569595,89.52363854136111,4.572859615489602,144.48767830634534
2023-10-08T14:00:00,15,37.99621573940527,52.690146342832094,1.1644506803750865,41.14721922618986,64.55741490687535,2.337155313748657,57.2993597724781,91.28235067060297,4.410922839298932,144.99466146042485
2023-10-08T15:00:00,11,32.487312373626345,50.24088891952048,1.11210258243407,36.1120972089693,59.97492437081905,2.4016520584874184,47.60529291641714,90.75861751310585,4.834523729652856,123.71521970748195
2023-10-08T16:00:00,11,32.15757470540767,48.97584531400584,1.138120893018961,34.985793507801105,62.814744385175864,2.4003910190144557,48.044301317782185,91.00601485691136,4.712710056407836,125.09229063619757
2023-10-08T17:00:00,11,32.26898918477827,50.62254336776878,1.1280324807547961,36.027583913812876,62.89420109474519,2.612198220560595,48.58286229718422,89.61342547652842,5.004685804468317,125.56579728482794
2023-10-08T18:00:00,12,32.510559244633484,52.712263821685916,1.1902642687024272,37.19392541710491,59.25612498938193,2.4317128030676285,51.81624913933747,89.9374575480029,5.239385718339928,126.75738755869556
2023-10-08T19:00:00,11,30.908839650495842,49.09825317850173,1.2875764710843756,35.99820733732791,60.04832629649996,2.6599127516107464,48.034898772551955,87.72273224924858,4.672895871366832,124.11348390882166
2023-10-08T20:00:00,0,1.3717886642944206,44.9887643840293,1.2631070863220442,3.207296487358014,57.07120772639131,2.5525728484327947,11.782930600240952,79.84482832280877,4.981642431191318,25.043233313829575
2023-10-08T21:00:00,1,2.9576192568349917,46.42099067478395,1.2598798144339778,4.317447441639141,58.446161397757216,2.567648850068558,14.375922577040317,77.81938963268509,4.5963149605505205,30.479219894637584
2023-10-08T22:00:00,0,1.1371929172705637,44.25553026474114,1.199354648699536,3.502600729137461,57.78892163465162,2.3410800966891463,10.91482798856201,77.93476783351333,5.06419373011919,23.647089223020657
2023-10-08T23:00:00,0,2.980470238561342,45.840121213271246,1.1657589279505007,3.9306355562340505,52.95667953418064,2.425679415752163,12.493639488892144,76.42035050965652,5.0501258510006855,29.1009873167151
2023-10-09T00:00:00,1,2.9684775897804876,44.53376690960915,1.2839138147240063,3.7049116466182808,53.486826151741525,2.3853392399955533,14.970550838423527,77.26691898174622,4.581096358746951,30.728812995520258
2023-10-09T01:00:00,1,3.3582012992487456,45.08642186245971,1.1193694764438507,4.499946401513441,53.35918726142248,2.412123943621485,15.134499746137742,81.07955590991419,4.382559937584349,28.011784238510536
2023-10-09T02:00:00,2,5.884957974526775,47.414588237197435,1.2778955367014113,6.206479782893297,53.23002566080106,2.3490704304402787,16.988124881245064,73.23967675175597,5.1358094101599026,34.46634184252938
2023-10-09T03:00:00,1,3.4119612679685196,46.268043766731246,1.1724447781056464,4.953585497868975,55.89969608116122,2.6576298235954576,13.814170923688934,72.94718740923847,4.8933670986465065,30.60513715887288
2023-10-09T04:00:00,2,4.603260085114454,46.2640305797737,1.2603224474175256,6.241279276388076,54.2350511605495,2.5729018667757053,16.578375892681592,76.24745646026751,4.992191670212842,37.249448656336945
2023-10-09T05:00:00,2,4.8919082531467195,47.632022598886024,1.173039835409432,6.944269568775492,58.828995351839716,2.507473242456972,16.721539639378676,80.63823479283961,4.4133359539343076,35.14900873895139
2023-10-09T06:00:00,2,5.905523322156659,46.74995673092343,1.1194066855982883,5.3396747253658905,55.73159494651371,2.324686573836096,18.158826263984395,81.34576115149483,4.5747842357782025,38.60128355268663
2023-10-09T07:00:00,2,5.654570031111222,46.138442212454535,1.1213548800813942,6.72771083811033,53.87599249634674,2.487886015197214,16.59380481063124,80.26503576434811,4.323078006443347,37.561544365797005
2023-10-09T08:00:00,12,33.2527904894684,51.631396230076106,1.171960196835106,38.07366433415183,61.645633754378025,2.501627763306628,50.20502533463245,90.06412324348761,5.012415407942553,131.40239018979193
2023-10-09T09:00:00,12,32.915873378888314,52.450028089292836,1.119698754395016,37.24037172888438,62.21528033651495,2.6964869431971046,51.917452301018216,85.11044082045555,4.3029418635583365,130.90195393185434
2023-10-09T10:00:00,13,34.00757319515799,51.23831415924996,1.1804026126977465,38.77358803768345,64.37585334684043,2.397842626122609,53.98090441928686,86.17604725145756,4.640731110649525,135.75661327038836
2023-10-09T11:00:00,12,32.589042634755614,50.83399645479057,1.2472275222806735,36.7316351537155,60.990576187306274,2.5515434354015865,49.85650199943865,89.24362439243504,4.963971936572479,126.24230835731588
2023-10-09T12:00:00,11,32.22779264215482,49.468085396638706,1.2978567707888706,35.27243839408378,58.60065228927211,2.3511787803822006,50.19369710966633,90.98985444844253,4.881328970630906,123.1794420224345
2023-10-09T13:00:00,12,32.589865236109816,50.07270949842662,1.1017393186970468,36.477071701856445,64.55343465602148,2.6352463500886696,50.84621239479287,92.34340840671632,5.292260194058496,125.97161240491214
2023-10-09T14:00:00,10,29.943396328917938,49.60747286865434,1.259885929397427,34.64748183554035,60.651159740173014,2.6687895152632333,47.93112230613217,84.75452959453202,4.597721197744582,119.99199588844736
2023-10-09T15:00:00,15,37.4019319889163,53.51801745296824,1.2869427427833129,42.458558367410554,65.64991163484409,2.606294490378354,59.214899482677765,90.77185455573851,4.649366137503472,144.70800089410147
2023-10-09T16:00:00,10,29.816323250774687,48.573265217658246,1.1422287268813276,33.117478960482245,62.51981195855007,2.65369322156831,48.77556453705459,91.24505841639674,4.464668087798539,121.49404026244014
2023-10-09T17:00:00,14,35.709672069367386,52.18878418160986,1.1666517221892994,41.20272322992922,65.3429558775767,2.4203107845835343,56.434364480309156,94.22733426011392,4.388465276732607,142.224280556775
2023-10-09T18:00:00,14,36.99267782025216,50.23111501194149,1.10498118874766,40.682739499830326,62.20243244394932,2.630013784421838,55.36871650568766,87.59806274458187,4.424681839823089,141.10810733057392
2023-10-09T19:00:00,10,30.467864790928925,50.42395406090366,1.2647103564360767,34.71917322608495,62.300375631945506,2.3969513657748314,46.12553461617816,83.54706321326451,5.017748388984488,116.84590108322682
2023-10-09T20:00:00,1,3.044316999834071,46.39253913602833,1.2861184474744431,5.405076777061927,52.64948446620183,2.3205125103727458,15.854159350232749,76.96822070398908,4.953769091406663,31.97267546451621
2023-10-09T21:00:00,1,3.1450998763478655,43.780304540917726,1.257813038187926,4.059040997854714,55.857690080178,2.3573803505025346,15.772285739836367,80.77785371864776,5.148200901029304,28.745833659129953
2023-10-09T22:00:00,1,3.043287849817651,46.239672105161056,1.216954506937951,4.958970648930675,54.10696324050735,2.4143522859831714,12.979071560087931,80.90547265243175,4.3299898230676135,27.526928857735864
2023-10-09T23:00:00,0,2.6563173436929772,44.347375484803784,1.1272567942037857,2.579792155807686,56.7560087068355,2.33414070967342,13.797164367352808,74.19590475082009,5.16173260017422,25.041706247700972
2023-10-10T00:00:00,2,5.561950512015564,44.89885657902002,1.1144935451269469,5.4377452269240045,58.95463261655841,2.434371228138244,16.956763262120184,75.9534806441385,4.447401711474933,36.40309276777995
2023-10-10T01:00:00,2,5.930481580755333,46.362056326930166,1.2116491531786375,5.854028240929062,54.60303048874261,2.573984427327033,15.949260839393803,74.68882194094103,5.128111518257773,34.64319874793134
2023-10-10T02:00:00,2,5.293803851229077,45.83929148642431,1.25335681268688,6.926383113400615,54.28051975252299,2.522738972548021,16.564319220299215,82.04501608796386,4.542232145174252,33.99847276945518
2023-10-10T03:00:00,2,4.268683459328347,44.06098969020511,1.1828685899278775,6.005096980009693,55.65646356457435,2.595795926826595,15.228704133563324,79.77443833996321,4.431180113683045,35.004568371464046
2023-10-10T04:00:00,0,2.564579081153913,43.487742804057056,1.1228041050645348,2.887377834923731,53.47553226855398,2.3068107968094025,10.535214530264271,77.14312438085052,4.381984464255848,25.522420111164873
2023-10-10T05:00:00,0,1.2831754049085935,44.99438021638238,1.1666468355235766,2.332119443628323,57.72091372577324,2.3256452205787075,12.987192387221578,78.5732079630431,4.694143818598704,23.214463302005885
2023-10-10T06:00:00,1,3.35720099326429,45.35300522614432,1.2267582580991538,5.348472230303228,55.13530840474633,2.412132092952067,12.93511437758589,73.49816575529718,5.190608624370043,29.651541120675866
2023-10-10T07:00:00,2,4.294576045766601,44.78636116519442,1.104412407965415,5.211360896877689,59.15104245249606,2.3181712294870525,17.428354626737246,77.67617021566957,4.612733658369462,32.883350383648896
2023-10-10T08:00:00,13,33.52275093939955,53.46485903863103,1.1764345992084297,38.54989049477936,63.97633505440047,2.310862776332055,54.13072215558526,86.05473262768838,4.6348147840013345,133.69733575646634
2023-10-10T09:00:00,12,32.97620261693238,52.9314772210155,1.2930543918802913,37.70023517485401,63.81333125094724,2.6227319301276175,50.14780998546469,84.8936403345927,4.963833547611638,129.23165878515672
2023-10-10T10:00:00,14,35.395901467067006,53.01955359704787,1.1182330634413349,39.863847601642775,63.249635662085666,2.3094708111506623,54.10908050246064,93.77999629894738,4.619018910161331,137.77911422308435
2023-10-10T11:00:00,11,31.514367399114995,50.08334074571554,1.1952004924422168,35.24972109109194,64.3531370441089,2.3663614400112296,50.86899953388917,87.72629678190961,4.397797156698786,123.18742382966849
2023-10-10T12:00:00,10,30.890903809754377,51.90952592622899,1.1255059392568134,33.593840731676494,63.7426206759892,2.6912405000668387,48.59173378933908,82.23534130946597,4.880470980916607,118.40071014684985
2023-10-10T13:00:00,11,31.399295108499988,49.83948952293709,1.1353868978279202,35.155736977403244,58.94928015659182,2.355694853733055,48.71481484629112,84.74227619405924,4.73856084904781,120.69402204166771
2023-10-10T14:00:00,15,37.398086020005806,53.442005670660535,1.1807223845175452,41.95215246700306,62.293645991258714,2.623839170943539,57.7519115840834,88.79783316039321,4.703845046586789,144.41165524966118
2023-10-10T15:00:00,14,36.70262262345585,53.94140578102344,1.2379157532026708,40.80623492493865,62.9705308071449,2.4680608587230117,56.48945866177443,89.15386962844615,4.677178988025546,143.9173125155538
2023-10-10T16:00:00,13,34.97444219542196,52.77071446287684,1.179359529915272,38.88820739812323,62.798715422343676,2.537748970582896,52.423013213699406,86.20400563708974,5.1871647881149325,136.20165044683392
2023-10-10T17:00:00,10,30.68984538976391,51.54906763898251,1.1333509795366528,34.89953634381999,62.95913393467558,2.420120918686991,48.35630911556063,90.70800851411957,4.73956122760943,122.08856276718893
2023-10-10T18:00:00,15,37.034214250292294,52.67912147897318,1.2852746325153956,42.9907379216604,66.75244685280512,2.4227588906910915,59.14136780496327,88.08687870106101,4.564801129602318,148.26938621098355
2023-10-10T19:00:00,14,35.86680030464586,50.0506537616755,1.1500325972728058,39.42173802734037,61.742144197533115,2.485601884933755,55.32772700837323,91.16673535314523,4.410090395933566,137.3662493499462
2023-10-10T20:00:00,1,2.616080101954794,44.17193187399533,1.2507305072348136,3.6772046014503292,54.57312950556136,2.3349741781011035,12.500529590035324,78.76772681577545,5.171393796669188,24.539980750831702
2023-10-10T21:00:00,1,2.8473794113871964,44.86609226975003,1.1120004533613377,4.913103199186942,53.104212812371756,2.6793163228551693,12.96321233345246,79.29855565961807,4.363154517145342,30.045111981958843
2023-10-10T22:00:00,2,4.293644073100919,45.259441790664646,1.1535932211539646,7.137445099948263,55.715372166222814,2.6609413812258778,15.925073054499377,78.46340737064769,5.294389700348453,35.86309070274105
2023-10-10T23:00:00,1,2.9472950586189812,43.90416081721386,1.1012549234733127,4.401057383501739,55.16915438826461,2.4277566867676814,14.945836960260309,80.05934286859926,5.2672959508108335,29.280730078557553
2023-10-11T00:00:00,0,2.227673468806552,43.07056025004569,1.2632179214208594,2.3694744493848066,57.59794048425113,2.3812079167924907,11.276880169053591,70.07110283020732,4.6473434061547545,21.40117191550805
2023-10-11T01:00:00,2,4.933583265938952,46.26434770243378,1.1603790521983945,6.156199396753687,54.27777568824675,2.3975431667908045,17.026769284491237,76.78574653958147,4.974919215781306,37.33728379440133
2023-10-11T02:00:00,2,5.154685027908924,46.32146205128447,1.2583527367805338,5.593545077284059,54.64866470946817,2.6132291682244095,15.778600441332381,79.27263472966256,4.904248410593291,36.27026585888315
2023-10-11T03:00:00,0,2.793326926901903,44.29319992503735,1.1156353715245766,2.4139087490423883,55.25928319574075,2.3564496739994185,10.765448175179074,79.25681006636776,4.418102261747395,23.508514428870313
2023-10-11T04:00:00,0,2.025833907608485,45.73179673956892,1.2162186020379733,3.481471514637221,55.94760964833169,2.5641209023849663,12.695927367804623,75.31732099308378,4.874277827716462,28.097151210224023
2023-10-11T05:00:00,0,2.9234067761362885,46.1396018355175,1.2540405484005595,2.778245580241536,52.4201288237137,2.3612299606297884,12.695894744807468,75.04750007918504,4.767184312516146,28.088365241071735
2023-10-11T06:00:00,0,2.661325867089147,45.11206257108407,1.2814608971374173,3.528808120846283,56.856255432743374,2.517058317588042,13.207140529670177,71.74097168581818,5.159277268964881,25.38067967584316
2023-10-11T07:00:00,0,1.9741637517812545,43.49662659784507,1.2767955682675032,3.481646856487301,57.65136618518096,2.5336042681382525,10.642442860037388,74.70260423203229,5.229497757795115,22.97564441881601
2023-10-11T08:00:00,10,30.79649989352434,48.120114529098224,1.2996486144997523,34.23343295326487,63.23582931788731,2.6317151429365153,48.468210237484925,85.86428826191221,4.334255097234086,122.8557353048433
2023-10-11T09:00:00,15,37.4733978993437,52.30836679066985,1.1798482733008673,41.78949722795317,61.713456734218106,2.4375405076598513,56.40175800283812,94.01401071719326,4.579397867492105,141.89286652267782
2023-10-11T10:00:00,10,30.627149285065087,50.40341837366466,1.1769447891582756,34.006629112385255,61.56735764335074,2.681011709173197,46.47978477512588,83.85233162229201,4.976837785065076,119.29253967629745
2023-10-11T11:00:00,11,32.1977450609633,49.73093269403573,1.1387792598927418,36.36264764722283,61.7485232035608,2.6926273626889503,49.09512580789688,85.1338902168209,4.651961744047164,127.15648422767511
2023-10-11T12:00:00,13,35.19428694489199,51.630136580581876,1.296954227723316,37.854354733053974,65.79782475270088,2.6141238910625906,55.0167206852319,92.48196466007447,4.518331229494622,134.45305567078594
2023-10-11T13:00:00,15,37.83909367638701,54.36458812451416,1.1069597114575487,42.81115322834709,61.090551110452616,2.301128504854682,58.91795498831864,90.3777970625115,4.5481183661658795,148.07590530045445
2023-10-11T14:00:00,12,33.87908903666367,49.991502502511736,1.2269601578823288,37.808763174480234,63.00630668775277,2.514181692079049,52.24470206910573,86.49438502479211,4.999164461779965,129.60706464264055
2023-10-11T15:00:00,15,37.05978465511126,53.296067597304585,1.2413554267228877,41.68511951242614,61.864692658411016,2.45645310451013,56.15402839952175,96.77320105951972,5.050297982515672,144.67691139638305
2023-10-11T16:00:00,14,36.969535360086354,52.89952903462649,1.1884096624361624,40.465341961796,63.11806285493044,2.571889708708004,57.14738300512563,90.85121100904138,5.080306297061141,140.64956304775205
2023-10-11T17:00:00,15,37.19190308053631,50.78831203784494,1.1114420806186087,42.19918793742259,65.30436100094167,2.4522597313176218,58.118762406563405,90.63153998103792,4.827933983364365,144.89505067582687
2023-10-11T18:00:00,10,29.59851524102528,51.53058276367648,1.1220278709145104,34.0253702882547,63.32106345791752,2.557363225548198,47.271288484612995,89.57352898147813,4.330670874302937,120.8273925157928
2023-10-11T19:00:00,15,38.460357624932186,51.328833344135425,1.1710681671428602,42.194259626365245,65.7849312780179,2.3664600088343555,57.199856033728125,93.64653508141386,4.34692696997564,147.5120892177324
2023-10-11T20:00:00,2,5.778999815005038,45.80257061618677,1.228785342043626,6.764819487698008,53.75893341891839,2.541430837004846,17.715563578980287,79.33387334805846,5.181745124883122,40.02588468272964
2023-10-11T21:00:00,0,1.3239382786063933,46.636030793570676,1.2868509317819652,2.3137420607587496,57.06518863527752,2.5749514478897377,12.423073892245652,70.26985189866821,4.501787981388465,22.09064180930372
2023-10-11T22:00:00,1,3.4631491502912795,47.44249487116932,1.1749196806465783,3.721289868876499,56.70438055060917,2.362781646889474,15.090448239599414,71.22977910465087,4.46513180579251,28.225106531422426
2023-10-11T23:00:00,1,2.9024116295746127,46.54453528263697,1.1809208413309722,4.3383074307245835,54.65274036509595,2.3327821937285487,14.606844334455019,79.77814780052923,5.2361352176921505,27.634341559037527
2023-10-12T00:00:00,0,2.2505555232194867,43.122285018747924,1.1266846693334793,3.074453164599247,56.458880489537194,2.6834672943799407,12.988102527478638,71.63744742522616,4.67347069891999,23.930264415887713
2023-10-12T01:00:00,2,4.608109222638526,47.04968476470802,1.134372170824012,5.559701675060084,55.58265540144727,2.390684744901396,14.54104401139448,73.24276945979636,5.060094163418139,32.658973232227936
2023-10-12T02:00:00,1,3.827941778481341,45.13460410239573,1.2790925223344953,4.3799623972271435,53.03734565551476,2.437101095025868,16.04312977354432,71.64068212655907,5.0850178330359626,31.01127919493433
2023-10-12T03:00:00,1,2.73547928851446,44.23426645273535,1.1759412035058265,5.256398841115942,56.63860508977782,2.6821267244197413,13.466576382702556,75.63539760040457,5.236638605361172,27.536169991978007
2023-10-12T04:00:00,2,4.128690973290468,44.017627089999166,1.2332440976789856,6.789341154728641,57.38755559547831,2.3009749924655325,15.277746422999481,75.0958619853701,4.566961725157176,34.39823783088137
2023-10-12T05:00:00,0,2.323066050634977,43.135516528530154,1.2013153177174831,2.4634662435414976,55.81271346923675,2.528198792089043,10.468345518824504,74.25540447300098,4.840791969063078,21.0111119440394
2023-10-12T06:00:00,1,2.5653776884744466,45.99293750881225,1.1119767970421128,4.103128386112489,53.95086816674805,2.6059800956455703,15.622817225398023,80.40545061787681,5.082366367678534,30.621239382292288
2023-10-12T07:00:00,1,3.2557572885758823,45.68029729303677,1.2155263790649997,4.5521178470533545,52.73542493462856,2.4798861417706624,14.709914117214641,78.54530394558456,4.6640356764871465,27.839601891825332
2023-10-12T08:00:00,12,32.69086479284684,52.69389652909301,1.292439384286775,37.40499730053483,65.08138031127794,2.612935403981558,52.588943206737994,92.17420394108564,4.5845569444759775,132.03255899503134
2023-10-12T09:00:00,13,33.60152227429434,52.23144271199553,1.1223234762719383,37.84661261624912,61.032087937963986,2.6233896616401946,51.93166481606521,92.95457577962549,4.797698492845674,130.67094691007685
2023-10-12T10:00:00,15,37.37205884949719,54.152275397834856,1.2358252663666354,41.77102058146884,61.454403555040116,2.5861018960103688,58.85614203585429,89.80999670465705,5.052812284379339,145.69579335701096
2023-10-12T11:00:00,10,29.413859094960635,51.57389181404753,1.2477806376520442,33.74434697293901,58.085693921556086,2.447028693988845,46.01159197150489,88.20677755954756,4.8675207553235165,114.40930011624326
2023-10-12T12:00:00,10,29.96230525536988,48.64633394905013,1.1164917288007543,33.12533652101751,61.9392205299036,2.478951236273053,45.60741363028785,85.20604454940931,4.895010032843869,116.92173848332774
2023-10-12T13:00:00,14,35.94445315362435,50.92812896261752,1.2448181957230375,39.5687318312575,60.516151953357955,2.485221432935916,57.64969361893448,93.34567814231457,4.71465849003359,142.12557900118466
2023-10-12T14:00:00,12,32.812774966347206,51.04142376013068,1.235149891406872,37.8934742182871,63.55108510299935,2.3489315187789668,51.73883031198229,93.05365499623318,5.185846556488606,131.88990710167184
2023-10-12T15:00:00,12,33.65829266074129,50.9302785886522,1.151849170225457,37.060050628048245,59.56587909329467,2.4589744980246886,52.41464253502612,88.04714800445058,4.4105008801367065,130.1041558832551
2023-10-12T16:00:00,15,37.25859193833893,52.99473641236534,1.1584492710677743,42.61048011504036,66.53332968627794,2.468848886873086,58.59234713158005,89.45850755238614,4.540371296777587,145.09934474457683
2023-10-12T17:00:00,15,38.28488465377667,54.269563345247995,1.1632504810650017,41.16297078695514,61.086251699378614,2.6622892451345757,58.46727087413689,97.3060562288637,4.427187627711652,147.13074307903477
2023-10-12T18:00:00,11,31.166160992692014,52.26052688704798,1.2234388822272426,35.51458451173946,63.36354613992295,2.3537752215965733,48.59622405012063,85.48178396123937,4.952448373949249,121.15179427292276
2023-10-12T19:00:00,13,34.20019202870638,52.155253638877994,1.1247424538292874,38.33769190673125,60.01012956031558,2.4307719822069584,51.77451196142591,93.83403846471906,4.711410870650251,133.9790131851805
2023-10-12T20:00:00,2,4.403326998041382,45.437154601041584,1.2756572446250976,6.909830701066333,55.32424258666312,2.5585194400759903,16.888167689377628,78.44482289532314,5.015800853894092,35.34056900903481
2023-10-12T21:00:00,2,4.432467101122666,46.91190854891253,1.2538005879970953,6.617921004317864,57.4962892494933,2.472981389908016,18.311621341837103,72.54879338452196,4.869901121315298,37.81597082009787
2023-10-12T22:00:00,2,5.191711847368343,45.03779713617912,1.271813863049126,6.837376869963922,57.87524213510355,2.697212491342669,18.258785565816538,73.58609437657769,4.540278237063483,38.07446399879343
2023-10-12T23:00:00,1,3.15363261082937,44.96677572006714,1.191717000552408,3.931564121381877,55.404028182552516,2.5958838691391937,15.951153762428039,76.88158949793154,5.247131704401389,32.57310848698562
2023-10-13T00:00:00,0,1.7839774805577973,46.60649847197022,1.2193558897276418,2.4325495328694093,55.99429105506835,2.556959378066868,10.335905407380132,70.49720740145165,5.281320703538785,22.17987898325577
2023-10-13T01:00:00,0,2.8414305200188386,43.953274317389784,1.2591548703591542,3.6642084235051327,54.26981465636316,2.3570000674069482,12.969699016290846,79.39487245331051,5.15705016511767,24.669421107606038
2023-10-13T02:00:00,0,2.815077942478093,46.713836095697985,1.2845884410114488,2.8776284277517883,54.23483284894247,2.618558272663877,12.553695675718991,79.70256483699676,4.348614201089675,24.56808083677936
2023-10-13T03:00:00,0,2.7188864742375833,46.75348111006021,1.242360131035601,2.124993703646569,56.74956756736996,2.3265903585564063,10.861126482370816,78.19859859615465,4.614483231021427,20.982075118644925
2023-10-13T04:00:00,1,3.0260026001982867,43.569616993283546,1.2064647598842215,4.124473410166913,53.24640765154751,2.6411531031358053,12.759469024198847,71.7645934822416,5.146484520525839,28.531910954707
2023-10-13T05:00:00,1,4.251929406820021,45.287545211600225,1.1194254284219483,3.967225973641554,57.48437884264269,2.4443112377324967,14.680616406817055,81.00879789611618,4.412918959393897,30.515930884255347
2023-10-13T06:00:00,2,5.902208221003542,47.07376201796819,1.1496329418263,6.663500087369813,54.482229158814185,2.3032161505361692,16.878000063817442,81.55134028269143,4.768325663175518,36.32287591925145
2023-10-13T07:00:00,1,3.216623904297669,43.867062340919105,1.1822924860772066,4.123167813252493,54.79789968287391,2.449053108790207,14.722883719010763,71.61383966011547,4.552666678863585,28.19413899910002
2023-10-13T08:00:00,12,33.843477124489866,52.89771437499862,1.1838201267847401,37.77860543648124,60.457999225601924,2.468174239090723,49.499848728903245,88.28392967261618,4.799436930695566,128.1433747911202
2023-10-13T09:00:00,15,36.717568330705376,50.889616171421444,1.1733561392716572,41.393273897487205,63.18356429316178,2.4934783243779375,59.432043515601734,95.17532776888473,4.932754229393903,143.0299414326753
2023-10-13T10:00:00,14,35.1429936980042,50.55240138838477,1.1628130668934413,40.59608530519427,64.36016438080856,2.6610645571364593,56.676471763757974,93.30177214087526,4.732155957946086,139.41404270776195
2023-10-13T11:00:00,13,34.47144201672136,53.13618571978513,1.2888300173152258,39.06980948063055,60.23507835331763,2.4920247492316028,53.05012765793201,90.49021824055342,4.883748205432174,133.98973256600658
2023-10-13T12:00:00,10,30.53072342736941,49.62654518847626,1.1245758704261197,34.68548348618048,59.84646537337444,2.4610227345084135,46.09700408249715,83.5769212322427,4.4118911654200526,118.79894731760491
2023-10-13T13:00:00,15,37.09631602524819,50.958175444490394,1.2378692171660928,41.53405533794997,66.40844257930735,2.341878693156936,58.80480669306063,93.93558922044625,5.136601068383505,144.04429006132509
2023-10-13T14:00:00,13,34.37304497617431,50.43503750645521,1.1639024539160105,39.00909477072909,63.1925756342988,2.596791981674921,54.54087273301201,91.45442865146887,5.024901204077035,136.23208844117295
2023-10-13T15:00:00,12,33.78716630591072,49.11403981864184,1.1201204328365841,36.29334893418828,61.16252228706766,2.5839088297546424,52.321535125116554,87.96559556706165,4.681481096929063,128.41864325831807
2023-10-13T16:00:00,10,30.684267809482964,48.50995307422499,1.211997368375599,33.80406977977816,61.66794976498224,2.474186049991301,45.58321659794998,89.22912882949896,4.455580102072535,118.55339989606134
2023-10-13T17:00:00,10,30.526372620581228,49.138047000431165,1.285052384175962,33.663625542423084,59.818315087534494,2.6956725046303838,46.28874857835503,83.52109810089311,4.993403142424936,116.13815811742496
2023-10-13T18:00:00,13,34.66683144954698,53.17523550494497,1.1990932379529964,38.72934307060157,62.26816389667818,2.4762425999341495,55.44060647734057,90.84032584485297,4.809941145776515,135.7009802428774
2023-10-13T19:00:00,14,36.7082458739158,50.81548431206029,1.1913854847698646,41.010008593170994,60.62725830937378,2.676285167695555,57.59511227106641,88.81960844071021,4.603948097834166,141.87846388130225
2023-10-13T20:00:00,1,4.0339743136848885,47.42873011812569,1.1934018872556778,4.508028412085774,55.31012961859566,2.486031625592291,12.56067233177486,71.29560881701867,4.583701948031287,27.726216116953253
2023-10-13T21:00:00,1,2.9802540586577404,46.15528006075383,1.2253646900738118,5.349758628292657,55.872573818882856,2.302548264687967,15.639997499357456,74.29472946515568,5.188717569567243,30.576756644038053
2023-10-13T22:00:00,2,4.984311998168389,45.78139167174402,1.155808113118622,6.845757084994327,56.311061284218674,2.5055715509822987,16.696194879816723,77.33514777291796,4.46256492203581,34.42352421926323
2023-10-13T23:00:00,1,4.108290282932319,47.318344470156916,1.1944592636743112,3.973895236409738,55.167704860409856,2.5960233275073574,15.464570026799418,76.54281178348131,5.208153534965269,32.85269159643167
2023-10-14T00:00:00,1,3.0320284327023526,43.50170751358695,1.1831926120113163,3.7601703435565192,52.83591470627764,2.4475808234892718,15.74652799952338,72.56122067988022,4.979808199801662,27.72461216728061
2023-10-14T01:00:00,1,2.508933755151425,43.80628572566558,1.2360794085919877,3.8540439159810007,57.954325395643345,2.3054664830436913,14.968811397491773,73.3103524296469,4.857481175748846,31.03459107899363
2023-10-14T02:00:00,1,2.9432636308182607,43.6610209036881,1.160163916352396,4.41306797947687,54.159543080743184,2.617828330894649,16.053692477890195,74.7984455937917,5.038746046164938,30.376590181040363
2023-10-14T03:00:00,0,2.170517623436707,45.266396517076714,1.1626976026519,2.100093333999821,57.47815355134654,2.5085880005575087,10.378507931986212,79.56859072958895,4.92907868932502,22.632787807452313
2023-10-14T04:00:00,2,4.472790330057997,45.17307763682406,1.209920778358363,5.213946197034767,54.33413718485182,2.4534501506366357,16.251621760530238,72.89840744898221,4.634319234957446,33.18290721607356
2023-10-14T05:00:00,2,5.002597079396843,44.46872392247669,1.2356548805013037,6.429172623396033,55.27510666535915,2.30118738951734,16.335124236053623,74.66350401141136,5.183518905183642,34.46542920385878
2023-10-14T06:00:00,1,4.472704184472735,44.79967114407626,1.2866463711306204,4.6842123124404225,55.32555241378251,2.428271613570779,12.320838240164829,71.26880336675023,4.457269615346907,28.60354403429288
2023-10-14T07:00:00,0,2.7058907862855794,44.83288618995864,1.266296373613454,3.1195632645644595,55.21289720989238,2.540355692404473,13.34015380125195,70.98008149139392,4.454623836661535,27.043417251522975
2023-10-14T08:00:00,14,36.45533371895897,53.42857034778117,1.1994659674652093,39.66817213080526,63.67303275542976,2.661192319086746,55.14125130481057,87.08838274955393,4.577788243440749,138.3219528831861
2023-10-14T09:00:00,15,38.06057275249348,52.48615300818186,1.2582213643723077,42.81039964030724,64.83625194078328,2.687104202907634,56.63801531891532,95.3173025037287,4.3608333825343975,146.234726946024
2023-10-14T10:00:00,11,30.611856797682417,51.70764636213088,1.2511148459984551,35.117474687601,58.93556713225489,2.333545577992824,49.137392591792,88.28041753776701,5.278776311307703,121.40432020359864
2023-10-14T11:00:00,12,32.167995720582304,52.694798444651994,1.2729107308740375,36.22992811774327,59.53895717610334,2.3403570884941507,50.30089639141316,91.93351173291506,4.570981033641699,128.57345603796705
2023-10-14T12:00:00,13,35.48897984377578,50.902704000957655,1.2376131614857397,38.78700900344421,65.74369304517431,2.4213450281042697,54.814937324359256,93.5394691222821,5.2854565878693425,136.74732377968726
2023-10-14T13:00:00,11,31.89129602357924,51.65399559359986,1.2392358772796213,34.75349770880062,59.675236437351586,2.4288688303306905,50.88487967960753,86.28723380414728,4.824180009779355,123.65177542977419
2023-10-14T14:00:00,14,35.48408962569335,52.38128703161452,1.2711300871029791,40.80723516785979,64.85415017382435,2.637854740880785,54.02863335432765,88.46501133437465,4.991615501427756,138.61578914653944
2023-10-14T15:00:00,10,29.80274663061426,48.39844339777227,1.1229533215967817,34.34343492782176,63.886981358395985,2.6797082595181783,45.783055492961964,88.97072880454677,4.905176714555648,117.10061045443982
2023-10-14T16:00:00,13,35.14313034225748,53.00063438298462,1.1373939661821317,39.0397422306778,64.30171044202231,2.6328266217051777,52.39495891713376,95.36750485745486,5.062739218048116,135.47325745046584
2023-10-14T17:00:00,10,30.132455442189816,50.1467233261185,1.2123307363936928,33.70032591049177,62.720434329153356,2.329384393205503,45.84316439240584,82.96026086650355,4.459710112204711,118.89831883259289
2023-10-14T18:00:00,12,32.4297340496248,49.187817166660565,1.172420215938862,37.725561181423274,62.25925273749638,2.34959911711082,51.660440327507104,90.62454208510835,5.210305295193955,131.15771364809783
2023-10-14T19:00:00,10,29.15951985353145,49.14322189995251,1.1340346482042165,34.48808463896546,59.616661933685194,2.4511693840949427,46.1112507745206,91.35053714346923,5.113740528594628,116.6538156022225
2023-10-14T20:00:00,0,2.6724836693937726,46.428036195611384,1.1210404219699004,3.1327201772229865,52.38708936392162,2.5382048722527504,10.005909719278492,73.1707113292852,4.577404604058421,22.543844521481518
2023-10-14T21:00:00,1,2.8057654437870214,46.686623447739606,1.248951256237333,4.647534361540146,55.208600360954584,2.6637772084097344,14.719687168847006,73.42948894721701,4.867035604189721,28.21825060392898
2023-10-14T22:00:00,1,3.69175294644635,47.280236372598054,1.266713122463305,5.127701985042341,53.170300938813476,2.3528234709924214,13.322378211312412,76.39882096638951,4.526457157723057,31.851762248107093
2023-10-14T23:00:00,2,4.8122849485984265,47.3547059647113,1.178495735399111,5.353619716450672,56.67329349692276,2.6491597749443714,14.99128128491999,77.58893174988677,4.5729498642685975,31.279975820742877
2023-10-15T00:00:00,0,1.5777845557904644,45.473508458497065,1.291951303266424,3.165173406700883,56.94316871405987,2.4077771515296864,11.423726448356442,78.7172442954389,4.7040870387495115,26.02325138075586
2023-10-15T01:00:00,2,4.605584188436943,44.57680161907831,1.2962044168778228,7.117731589067964,58.46578318187686,2.3475478942454333,14.591403963788983,76.83691665778632,4.973080654428807,32.445343542214076
2023-10-15T02:00:00,0,2.083406188483795,44.0374833740281,1.2856537079576984,2.626160046868889,56.23852129810204,2.5405417747194594,12.291045213574527,76.7524295663854,4.468881268923847,26.75242577932937
2023-10-15T03:00:00,2,5.479175726576317,47.47661915900816,1.1879033661462615,5.925684311593159,58.73224780464709,2.5011779111146275,16.82224255226076,81.80683243087199,4.752863181856946,36.0282544245574
2023-10-15T04:00:00,2,5.228250381449854,45.775250823620915,1.101415814269942,6.622870068664968,58.39126512966374,2.3319295194785687,15.370214847440767,79.57005661487334,5.214314756875182,33.357657220458364
2023-10-15T05:00:00,0,2.834578072822885,44.40340805787333,1.257360651087036,2.652405289377459,52.97745121115901,2.5577811137750963,11.281368558174005,70.97039082700961,4.999026552033129,25.33272337492819
2023-10-15T06:00:00,1,4.273769195888825,45.387129200706944,1.2157862859067632,5.586711427718875,57.79962930765795,2.5733213298504825,15.992257177257013,78.72940743883336,4.314225501356389,34.46246482414914
2023-10-15T07:00:00,1,3.5358869292844837,44.56698152857777,1.1269155112302407,5.141567521087092,56.21068372057107,2.410181079665488,15.444944617130975,80.90459694868721,4.7239806562273055,32.0173756142822
2023-10-15T08:00:00,13,33.5978919102523,50.960436000564044,1.2833864831023098,39.1441922447588,61.31622790550196,2.4391950807292555,54.60628753843892,88.07709268669511,5.234355770286812,134.99568924260856
2023-10-15T09:00:00,13,33.9429027465753,52.471876628727685,1.2200137753585165,38.10988193343505,65.5676134799319,2.611455151565643,52.30727057698404,88.60373877913216,4.355633772222551,131.1926125543262
2023-10-15T10:00:00,15,37.314873299585486,54.14635105592175,1.2862280035783926,42.774766397002296,62.66484572324509,2.3752764894509517,58.825121046020676,91.16040875995972,4.887384113855154,146.47283513967582
2023-10-15T11:00:00,14,36.60843167903203,53.171488564582276,1.2719400466254909,39.56731713050243,64.0631004892524,2.4638549508572134,55.49916941242065,95.69487384065137,4.50383588130443,138.0575535897377
2023-10-15T12:00:00,11,32.16164411623487,51.40100397921394,1.2444521443858738,35.037298821786116,62.31402977939003,2.460156377288667,48.73586497150702,89.60970267680565,4.476763744102975,123.45082151510609
2023-10-15T13:00:00,13,33.59241565949809,52.623746842213734,1.2048070173628902,38.96925156861124,63.066859551227786,2.6413176154606512,54.749774768310736,86.8475553566349,5.290212762027887,135.98533105231616
2023-10-15T14:00:00,10,30.777122968115954,51.52822514101272,1.2626841304707725,33.92701708206677,61.980179192154914,2.5879356398824855,48.8084799622623,91.29352264839387,4.5100554570733395,119.45838480798066
2023-10-15T15:00:00,10,30.282074312203505,51.498014657897,1.2710731160836555,33.940682663410264,62.73469518591363,2.6808735718487218,48.71037858064295,82.15815225285613,4.364583286928682,119.2983763147383
2023-10-15T16:00:00,15,36.54830265812016,52.62017245896975,1.1253584312896918,42.59441304520438,64.99309644326837,2.6856040580701603,56.827579523179196,97.32752303997758,5.210060699212211,141.58055828904565
2023-10-15T17:00:00,15,37.09266378788649,53.02807585348965,1.296906842907566,42.722280540437296,64.74767134154693,2.3137133683063427,58.253819848187405,95.78700340774797,5.250340030228379,145.38258537016463
2023-10-15T18:00:00,12,33.86128402806264,49.161618868695435,1.164379794149552,37.1919158618408,60.90851547493753,2.678706173653606,50.43729337867664,91.36819735061704,4.854028213942467,131.2814146284146
2023-10-15T19:00:00,10,29.285291323043104,49.625057956892256,1.2009621238656318,34.923531066840965,60.39040071256773,2.5409560660084707,48.46649782908294,85.2034586382812,4.764549796501771,119.20732536522917
2023-10-15T20:00:00,0,1.26317287621206,44.13883892889561,1.2764414891679257,3.516360788415717,57.276093685340875,2.3145636557412907,10.406939921520754,72.25981744587476,5.067137153173085,24.591325654511174
2023-10-15T21:00:00,0,1.4155450871619482,45.897086979037624,1.1827508855611173,2.324156583132308,57.38325384418749,2.6564571326492854,12.712696472871194,75.48606279297655,4.831705912379026,25.46445600106489
2023-10-15T22:00:00,1,3.3982279446500847,44.8276209712082,1.192188072866305,4.346274745917536,58.14937017389541,2.42637525973707,15.581503268207047,71.40605270354138,4.592193163438024,31.325197115248645
2023-10-15T23:00:00,2,5.714342586698937,44.50778747542226,1.2405338209155965,6.6390427399819485,57.80073260578338,2.5466489979266704,16.014527951753056,73.27283514431322,5.010817495423463,37.70399577631299
2023-10-16T00:00:00,0,2.9621914718771034,43.02178926632821,1.1084648187991424,3.3871831524980385,53.72543241225117,2.534488552439637,13.024572341184506,70.69478326551462,4.784325185832248,26.477893298794935
2023-10-16T01:00:00,0,1.357359810783512,43.81992301521464,1.2337533453643605,3.752242517704893,52.20249916179016,2.330033104881211,12.904915100282752,72.34197217529558,4.609778192436007,23.086984956240414
2023-10-16T02:00:00,2,4.779862846539687,47.77842780149245,1.1242049721305216,5.952153109162168,57.153526179553744,2.3073395553176796,18.187171964297082,76.53246410760302,4.802825226502554,36.02840016148447
2023-10-16T03:00:00,2,5.257098024265978,45.10804862913868,1.1331762907912395,6.356385906565524,54.66372377635785,2.3026439864241386,18.06084795945958,77.3644599232214,4.513041385226375,36.408114322725616
2023-10-16T04:00:00,1,2.8837039120784747,45.9683559895135,1.1292011096916572,3.9959402172818455,55.20116343340358,2.4416032971954618,16.05013778746243,73.19569444626215,5.240576217902228,29.749486594274927
2023-10-16T05:00:00,1,2.685837053808628,43.551869695422624,1.2800331767882913,5.536286146935712,57.40499813641946,2.527573374101643,13.950861273100607,80.03120598122719,4.865442989208136,31.63790138544668
2023-10-16T06:00:00,0,1.8246719672853529,46.20492659019479,1.1226236768843014,2.4059615441397697,57.72279586223438,2.452666749344644,13.170949055955049,75.03114162735358,4.759664838108167,25.179869985516167
2023-10-16T07:00:00,2,4.8877079472962786,47.342329148752064,1.288117606369963,6.345171325129381,58.853671940824185,2.372302707391156,15.274522311863985,76.01656091234094,4.449429996825894,35.79147560705725
2023-10-16T08:00:00,15,38.21235688633474,51.507901947985005,1.261025001896404,42.25232722651078,66.150038749553,2.321799817419559,58.726952850610495,92.39249665934871,4.505257566243994,148.1408578441014
2023-10-16T09:00:00,12,33.68124677975218,50.48455362190292,1.1810116783757372,37.754081660106706,63.8011150855867,2.311950840352642,49.59957525556142,91.83090612846613,4.648749556001822,128.3138284559475
2023-10-16T10:00:00,10,29.8065054719172,49.417510248557605,1.1194970944665263,34.0840056212426,59.672983703829594,2.694619099609903,46.39127948790378,84.65292782832329,4.493583009301262,117.39680211212384
2023-10-16T11:00:00,11,31.22348707495646,50.75181195301492,1.1280064309886122,35.11805540889036,63.33753994898137,2.3648483239352167,50.639538687477966,86.33986804623957,4.471934792441885,126.51020290490328
2023-10-16T12:00:00,14,36.681940046199486,51.31617885298903,1.1379082252469324,40.26249337289032,61.45624578295225,2.4998343068721818,54.862370976510746,87.49875400482154,4.494814388175226,138.87739483576038
2023-10-16T13:00:00,11,32.068971421884285,52.17335347310441,1.2663147803342134,36.53175769914219,62.64723271571972,2.524074357604068,49.17721515288637,91.60082944474884,4.892019212762517,125.14474706724273
2023-10-16T14:00:00,10,30.913841809783875,48.22729990384354,1.1665628396950167,33.341222578706024,59.450183923119894,2.3514285967165787,46.86030425969784,82.97968200132756,4.958253738024342,120.78369051294244
2023-10-16T15:00:00,15,38.06884125824028,53.998676708259076,1.2233399103572256,41.395268073867534,66.87941384323376,2.327149951237752,57.32513772290129,90.31164682030585,4.63858831152932,145.98307172334634
2023-10-16T16:00:00,11,31.049039480522794,49.22062465395002,1.1491778349201645,34.66595126395696,60.72883714052472,2.3884836771427733,49.92718436574802,90.60047408183071,4.883349249100517,120.83706294758093
2023-10-16T17:00:00,10,29.700450146045924,49.19835344541573,1.2941055299762843,34.05179757783061,60.85300271240379,2.4920005407099044,46.75412846709931,83.15351423850184,4.55756063076296,118.83494067812597
2023-10-16T18:00:00,10,30.18131135330973,50.38994361572646,1.2097317564201124,34.96091823788808,58.20641538343804,2.6435237468903576,47.683529158633675,88.24872687500387,4.518626059043653,118.14725123413481
2023-10-16T19:00:00,10,30.139129393321827,49.14373591662848,1.2052250436637821,33.07815947730744,63.677729756532074,2.689755396004514,46.43353412431814,85.64615527280566,5.039735156597224,116.84347386228124
2023-10-16T20:00:00,2,5.3204467045279,45.73989437817064,1.1675944876075683,5.304813268059204,59.199215856212405,2.596152225000955,17.35602272575167,79.13655459117166,4.601161922251564,36.727498606956246
2023-10-16T21:00:00,0,1.6570323842502517,46.38951252870407,1.1110327332759955,2.7883875582524045,55.98199018994677,2.544509430085309,10.696416311750708,70.2935177741983,4.94463553487065,23.724498193937524
2023-10-16T22:00:00,1,3.2884258308582806,44.184742423537294,1.1188155834720699,4.003720401756665,58.473432308148155,2.4378753498836074,14.158276207692126,72.74847509255251,5.058600017752093,27.49871133315454
2023-10-16T23:00:00,2,4.089971774491234,46.86401886976641,1.1347815565532686,6.770956564175895,54.01047903435828,2.3664562655759003,16.94919095930721,76.89161114595615,4.795943165793137,37.44292977234062
2023-10-17T00:00:00,1,3.767569325520148,46.94569531181477,1.1398554764634687,4.607082136378583,53.20019304440634,2.4224609620789437,14.145606624857454,73.60685741852974,4.4988609570126314,29.0358713660626
2023-10-17T01:00:00,2,4.647730867711122,46.605531094686285,1.2548537993350304,6.685057440507716,58.37984754535158,2.541452334071557,16.47587317353598,77.67486971588173,4.999667026966736,35.77978216107656
2023-10-17T02:00:00,2,4.327475788653969,47.04013308752065,1.1241368773902183,6.160070304300374,55.94257041103308,2.418841653826557,15.809677308122497,78.71694940377296,4.314386593902882,33.03166160411188
2023-10-17T03:00:00,1,3.914679282705219,45.188416215396856,1.1164677548704836,4.797502180323889,55.182381972419144,2.6932215412617273,14.55528527283343,76.81423161436035,4.791346218902639,32.118502975673515
2023-10-17T04:00:00,0,1.8948778007006744,46.61233021063625,1.2664663415353754,2.0672956620021763,52.20737068111811,2.358199491662856,10.12101032370316,77.56184855966461,4.843243784192669,22.359388485899096
2023-10-17T05:00:00,1,4.454921057944684,44.775519625737374,1.182385988620359,3.771409718671911,57.12190081529527,2.317491059117949,13.90620242214834,75.33884947123319,4.60881105561871,31.603172658918307
2023-10-17T06:00:00,2,4.599883053486819,45.04574840907449,1.102212195218773,5.627185165224505,58.678218198964984,2.4427266215169694,14.96503793225846,76.03481070533535,4.372564399363431,31.410176684539344
2023-10-17T07:00:00,1,3.7408812045289217,44.18368023530534,1.2622742014631425,3.6138317115022134,55.97184246851568,2.620329497524938,15.577298139950283,79.54637570956768,4.953192061137419,28.9368201432332
2023-10-17T08:00:00,15,36.50345533839892,50.770861111631476,1.2503789188138814,41.657323428635486,66.96307107481087,2.650482598037526,57.97757818838867,90.89187711873421,4.627298603206165,145.60323824081402
2023-10-17T09:00:00,15,37.99784000481428,51.30771546391269,1.1649907108139876,42.852410469369104,62.46652624337724,2.57470192651231,59.48480874095763,91.19306569263121,4.947117965698801,146.7669493005909
2023-10-17T10:00:00,12,33.379318814339214,49.28732206611208,1.1725888936446198,36.466998720467814,61.85746609684966,2.483911553653249,51.02829200823125,86.63526387962582,4.913295984158036,127.06063523860676
2023-10-17T11:00:00,10,30.49599802122897,49.67894873825782,1.1189716368111933,33.693384102340985,63.53267535197132,2.66234652839629,45.685247448343695,85.19456590788292,4.544950837789937,115.49093154260875
2023-10-17T12:00:00,15,38.08518362777247,52.272200025370154,1.2122513881595964,41.02449266929076,63.58492041361116,2.5564902821530677,57.20554121746253,94.00128011884068,4.697153377905137,144.77936867820358
2023-10-17T13:00:00,14,36.53273597220139,52.073850250633136,1.259902533496669,39.468901873625725,65.84204851767555,2.3924233562762103,56.73038491365084,94.08426740247336,4.681947758904511,137.92567877345525
2023-10-17T14:00:00,14,35.09744125516715,51.158937269230606,1.284832081138176,39.80502698039788,61.02585429035566,2.6711717951725134,54.09655531513039,93.00413993996439,5.207649831857888,138.13234975774037
2023-10-17T15:00:00,12,32.72230672977565,50.93323850437228,1.1728591491172706,36.36418095703395,63.72781950679003,2.361229613462788,53.15521639638819,91.47142525630593,4.990863128481354,129.29224279535194
2023-10-17T16:00:00,12,32.22808005964877,50.58513793931694,1.2264144771632628,37.65762974968244,63.56621207377802,2.438519778668996,49.87584394659166,90.29234496253386,4.487167361148355,125.45107247255203
2023-10-17T17:00:00,12,32.9467489287756,51.16668647281122,1.165816347077073,36.371239716486954,59.67067580938196,2.6937286061259837,51.98251114753121,93.21538197012543,4.7565071000352335,127.73001580670879
2023-10-17T18:00:00,11,30.852105133336266,48.91578935307233,1.1251701413779494,35.33719705340904,61.440752230106526,2.308856155823101,47.68443896311899,88.11492187817662,4.515501838815504,121.5332049549256
2023-10-17T19:00:00,13,34.7090751764606,51.42707299031786,1.127224556958403,39.721280444443394,60.35276406451141,2.371493191756942,53.25373570636057,88.96927114054975,4.440441719445394,135.8705359681051
2023-10-17T20:00:00,1,2.977664133748907,47.34515680716816,1.2122962970183038,4.012717900445407,55.01925096313706,2.4041170032370967,14.782997907491474,72.95109724949835,5.029640191817284,26.832718015476914
2023-10-17T21:00:00,2,4.170370687462134,47.07114367515282,1.1819361899034229,6.168226907325472,54.218842085562834,2.4108821975867447,14.647068778788235,78.05632829910996,5.0995522219722345,34.794313095658914
2023-10-17T22:00:00,0,2.8025780038094315,44.59843591453711,1.295133217025045,3.6141534322384032,57.634320526319556,2.4438779898329788,11.290112690117525,74.90305497407286,4.750593333931839,22.791501810682462
2023-10-17T23:00:00,0,1.7628563143938096,44.15671018100687,1.2573435312554586,3.1002368494368575,57.4089145493534,2.6345469322423414,11.343715639065952,70.47572160161958,4.676566576278388,23.483328203636464
2023-10-18T00:00:00,2,5.9530086163855245,46.59332213552248,1.1178223184184528,5.464788826364239,58.976877948721366,2.4042671685092647,14.867725481184417,82.25994088154776,4.65925164305904,35.17916534027725
2023-10-18T01:00:00,0,2.6903345988363196,44.028684753475645,1.2757879776477754,2.631253016048407,54.563594678891114,2.6872368290363804,10.607105804272688,79.07526862597548,4.646719546669647,22.522612452968538
2023-10-18T02:00:00,1,3.7842957468159515,44.41409766808509,1.1991021443619179,4.335669992132367,54.05507395818799,2.5988941436717705,12.405780595945888,73.92704020593851,4.598379348662255,27.026863856307802
2023-10-18T03:00:00,0,1.9469179466520352,43.42262617719985,1.1687993902430456,3.3342645231378656,55.671992469909405,2.5382368585923807,12.394378103287508,72.99648152734022,4.402478273455274,25.551891205672476
2023-10-18T04:00:00,0,1.1080354561197716,45.97946304045955,1.1686937475443167,2.5411460274971334,54.27315088602993,2.5132533964304327,10.933847657802442,75.14926753578204,4.652424866474589,23.8854370716355
2023-10-18T05:00:00,0,2.6524670870057365,44.64156232158505,1.123067585150735,2.700434653596048,54.272955710080026,2.5003986920998322,13.881097789775394,78.38981186463721,4.63127035227516,28.791322496883673
2023-10-18T06:00:00,2,5.692106534498644,47.739731400168075,1.2677652133476278,5.331701093396474,53.524435768614076,2.5640080710114983,16.510906756572908,80.42157465488164,4.952282927476674,35.72244116126589
2023-10-18T07:00:00,2,4.643558167323514,44.683828542513204,1.1402898057892321,6.940223214165759,55.91973126361209,2.591336629362971,15.13987549133554,80.61350283381157,4.5468830267118525,35.70218970509053
2023-10-18T08:00:00,13,33.914175025690376,49.519369832024836,1.1689030812046928,38.49877389726667,65.71550187748231,2.6258595515775935,52.043685467419934,88.24944776913843,5.090030469229608,133.6429944896735
2023-10-18T09:00:00,13,34.66803796774927,53.4903400882313,1.171068335035057,39.499548454589174,65.37916091663483,2.3291856782879696,52.0272952257922,90.50467232092053,5.066750421478353,133.63186716152475
2023-10-18T10:00:00,11,31.98617623006647,50.723990942676814,1.1325124766634587,36.355571187573354,62.778290283989115,2.5922465489158175,48.281394431582186,84.03221954991825,5.28348811374727,121.67621224506047
2023-10-18T11:00:00,12,32.91182074962875,50.33544461459839,1.2948806779315485,36.82604618760057,59.44154120844571,2.616096043691893,50.32542577415662,86.64343218757375,4.771404590633,128.56768037772395
2023-10-18T12:00:00,15,38.47904847713649,52.1089027413041,1.1586196468791405,42.24382989272905,65.76316039568344,2.6538120367266975,57.5015907855041,89.27665823238016,4.362166024252946,146.51668799343824
2023-10-18T13:00:00,11,30.53483299337178,50.00321760033728,1.2705436768579526,34.6303687113066,64.34317463189181,2.333703499552651,48.57658703299764,89.60559906777596,4.478737876164242,119.77489393451359
2023-10-18T14:00:00,15,37.00054332573532,51.88224193504959,1.1850913773553113,42.40604082836012,61.515911249596165,2.3199966779889074,58.201778244713516,88.52725275426891,4.817696605202383,143.3694678401293
2023-10-18T15:00:00,11,30.50094468373035,48.81407541364191,1.156392411461614,35.9535439858502,61.91160428533686,2.6889838857588355,51.08023226535917,91.77006279852564,4.599613124102677,122.58506464604439
2023-10-18T16:00:00,14,36.074064093626426,50.787865705261474,1.159937532548598,41.08431559962497,64.90576287957124,2.45670685339298,55.72826722493484,88.53624284534762,5.100869789295809,137.9699260548679
2023-10-18T17:00:00,14,36.19412712719988,53.53062502164018,1.1009999799994765,40.514149561505164,64.18549542507219,2.4436091909553306,56.31453901788499,90.92209466293404,5.151237242630912,138.79068137365056
2023-10-18T18:00:00,11,31.665430612075447,49.105780823766196,1.2866729818479536,34.69395319507147,60.088515621977145,2.662658371733276,48.42089682107704,89.79930919285532,5.074565266265553,121.69227853219151
2023-10-18T19:00:00,11,31.40117897874373,48.81793077341021,1.1621248499236674,36.26886180162373,62.21106042926077,2.518028212230519,48.40894883117267,92.66976123199007,4.347998497160616,123.50843724294971
2023-10-18T20:00:00,2,5.565748559130954,47.333860386551,1.1887213918274815,6.4999347191271974,55.12730306725162,2.4298582085542653,14.874933359649646,76.60482251373283,5.057333554871387,35.65163980958161
2023-10-18T21:00:00,1,3.5564728997831088,46.23995367041809,1.1038182020724083,3.865170637483762,55.3939116216735,2.3075345607382025,12.46467172307375,78.70679086118118,4.8980916337318705,26.15988257581921
2023-10-18T22:00:00,1,2.8001199854173526,45.05086304090374,1.1403864407592674,4.0511330120801645,54.515544823356244,2.413628612288753,15.921623410602653,72.07796958434655,4.311113689008608,32.10047487629011
2023-10-18T23:00:00,1,2.865806362019607,46.30949245490516,1.1772134945754316,3.7994457297319335,52.64725236805076,2.616548628467883,13.871151057345191,75.40049473377519,5.160017033439012,29.472106227916328
2023-10-19T00:00:00,1,2.528336104498279,44.91465394058527,1.2531294013196534,5.196239858764671,57.59161563300444,2.412207669386675,16.084791166093225,75.25339991378492,5.018216459872242,33.0557692439945
2023-10-19T01:00:00,0,1.0493247881242074,45.21243661075124,1.2529528578468985,3.1713508973629096,55.563934396757396,2.642201849319349,10.598483529781305,75.66436263931992,4.8309497741449485,20.260495209648944
2023-10-19T02:00:00,0,1.2480564648658952,45.85614609190939,1.1370548203939117,2.1532071746838413,55.36438856785678,2.3961789896908696,10.229955507011141,76.24978642476437,4.75532593144067,22.246682758480755
2023-10-19T03:00:00,0,2.4268151927622434,46.340703851665964,1.2668564770993689,2.165438300408023,54.68660645961077,2.3148786814952964,10.972376147745432,71.10166657837304,4.816095696584938,23.721004678642426
2023-10-19T04:00:00,2,4.140383502067311,47.0848752405716,1.231124165243798,6.776167072854914,54.261096177949256,2.6639384748613493,15.011627046588202,81.95596712475769,5.013402896476016,31.06567670803541
2023-10-19T05:00:00,2,4.008550109125232,47.08196953818052,1.2715407513215282,5.390796476779486,57.07840321055371,2.5404939871395276,15.78889890921529,76.24159910545953,5.147962740421515,32.25193614300201
2023-10-19T06:00:00,2,4.8895027664496435,45.88542300262738,1.2512659860431394,5.679283362546712,57.51786226826829,2.3207903110789,18.386125003476693,75.445935966318,4.573070517464114,35.61302757207096
2023-10-19T07:00:00,0,2.107821747112291,46.2287905697533,1.2538600860819316,2.493241399007724,52.929319908962796,2.695178458008549,12.151268752276401,75.58748670459184,5.26963016667789,26.172874878346704
2023-10-19T08:00:00,12,33.21577790087132,49.62821196864837,1.1463952924036147,36.306486006531486,61.55794671408577,2.460315376355767,51.51322314166828,89.70149276663122,5.106595201726536,127.38787493118411
2023-10-19T09:00:00,12,33.41180295669298,49.66304717817924,1.1519558643219459,36.376508877527556,62.97745963320955,2.379524443875413,50.53348537319563,87.96719291631754,5.125114616921481,129.9709284894327
2023-10-19T10:00:00,14,35.487208731492125,52.05932018480785,1.2179256455294893,39.816642973256194,62.38514561175003,2.430809992487283,56.67654901776734,89.82670220277848,4.786786289211908,139.9768871286818
2023-10-19T11:00:00,11,31.885997203834286,51.05378388442577,1.20554613963253,34.980448469226474,61.903329609150006,2.4769672583831484,47.65409567767048,86.05198756639055,4.520663072157827,124.25423169701381
2023-10-19T12:00:00,13,34.0244045823501,49.760297669745384,1.2128298934940287,38.37079380437373,61.447229755804415,2.5299281347399267,55.03127094425332,88.05746815946219,5.11335040712118,132.6704661960315
2023-10-19T13:00:00,12,32.56196627017894,52.434669200228996,1.2928129803242427,36.54352585201029,59.39176160841535,2.3882348469386026,49.45209444120073,92.60831557486082,4.6299797659508455,125.7162087750938
2023-10-19T14:00:00,15,38.199346758784856,53.556888660078656,1.2738873411008285,42.707177270911174,61.34904874104341,2.3642726146864814,57.05822488879414,94.55052585597001,4.696269775023359,143.5644832650996
2023-10-19T15:00:00,12,33.06450248832546,50.24698790935426,1.1325313764701204,37.91150135342018,59.20557254220577,2.412308981393634,51.69488095535516,94.28800445452109,5.090503198998952,129.36373987489597
2023-10-19T16:00:00,12,33.03877019608002,49.72416349749448,1.2241405497984301,37.87891718239141,64.43463037762065,2.303402565094159,53.04451809905967,93.80064329098374,5.151015425502768,131.72798996758817
2023-10-19T17:00:00,14,36.746004900087655,52.8702700899034,1.2592960138145903,40.64772967902043,61.29931473729704,2.5997791505557455,53.99598462748219,91.93902382622488,4.510058592910774,140.8940127078542
2023-10-19T18:00:00,10,30.895605751137587,51.01413196406105,1.104829981598046,33.41290839004404,58.60620373945692,2.449151683516023,48.42328215188754,87.87645958106235,4.403166229281942,121.20493014901953
2023-10-19T19:00:00,13,33.58885883203532,51.697576884147225,1.185998442342044,39.5330384767487,62.071296456107916,2.6215608959380274,54.69922863489068,91.57710936807219,4.695000734105518,135.66489522123456
2023-10-19T20:00:00,2,5.263225638157706,44.63833542440915,1.2745519110327734,6.272004107619111,53.53702092914966,2.410599443516183,18.373368674104384,76.45081824340942,4.628315163856859,39.00829194991243
2023-10-19T21:00:00,1,3.4761256376461933,45.31312017465758,1.2536539087432788,4.731231327027341,56.979985147500216,2.5842533790175777,16.070713373919954,79.51689749415465,4.444868898570926,31.895505341525357
2023-10-19T22:00:00,0,1.33983457085035,45.48367223730134,1.249826877413406,2.2548095862904347,56.18204099975566,2.371052789738476,10.87985325673869,74.70319735561888,5.0567064504517365,20.07454975067179
2023-10-19T23:00:00,1,4.224133360237518,45.71345434682475,1.1721211062619303,3.662918777250071,57.06814204225146,2.4982616472141568,14.154400552647026,78.59745911694412,4.807831883420764,27.551608857173342
2023-10-20T00:00:00,1,3.310611619751885,46.51477345586348,1.16701679918845,4.661344807631265,55.718176837105396,2.6746897408076076,14.841849218629758,72.21901156578781,4.932653840935616,28.331159082827412
2023-10-20T01:00:00,0,2.4141574691296146,46.72367089607089,1.1357369411893656,2.5860525620077137,56.02512828829899,2.590241549586404,10.096309466395896,77.8911736477426,5.295194756720323,24.97330567518577
2023-10-20T02:00:00,0,1.8522817527570865,46.29292154549451,1.1247919659079033,3.940162120840002,52.33408026215045,2.467874518976467,11.980294383119611,71.40522420366919,4.671199289453864,23.834904882346834
2023-10-20T03:00:00,2,5.250756281543531,45.370101230816836,1.2154102269977984,6.674927055585273,54.7443062341736,2.4272640371280865,15.803914988099825,82.30432687103925,4.900318462771073,36.771322862438936
2023-10-20T04:00:00,2,4.928942749532273,44.60687872156714,1.1489022590780933,5.828000728334962,54.17759142734258,2.3505420133839863,17.955477322755712,80.48307931804332,4.465428860026935,35.38215259545106
2023-10-20T05:00:00,0,1.876591218235251,44.953256955726346,1.2923393843696798,2.426574133074557,54.93841129592972,2.6089937460507158,10.774666045655064,73.8152943440775,5.04972564158803,24.326478580876202
2023-10-20T06:00:00,0,1.245137545622083,43.94574228399388,1.1316535191633774,3.2751212487860624,53.03531801867215,2.3859610028058578,13.460878509936428,70.5485891942774,4.754934269286311,26.84172446632097
2023-10-20T07:00:00,1,3.2130617526191263,47.44337750445874,1.1933439904311078,4.21482188293561,54.065060389711824,2.4552864197926594,12.993589960141986,80.11315456306006,5.282946654876661,27.689330406656417
2023-10-20T08:00:00,11,32.285865572825315,50.82029121922362,1.2537338048507567,36.520379795720416,63.5345393688261,2.5996362731920453,48.8757702198411,84.73653047279797,4.451041618619254,126.66657031047261
2023-10-20T09:00:00,11,30.965008287101703,48.77903890828464,1.2951638330404527,35.57760557921554,64.46116081065203,2.6960609956302455,49.88400301536157,89.89698498509078,4.685612903250737,126.4214924670465
2023-10-20T10:00:00,10,29.943742351011903,51.19074845787208,1.170672644580975,34.27121541741289,61.45700347946663,2.575309704398003,45.67937915441787,87.84400146254961,4.625243606404615,115.7995892057185
2023-10-20T11:00:00,11,32.26882409437468,51.40259524774493,1.1984633282226291,35.37580182986186,59.654515470954294,2.6832091882717117,50.67996628424346,92.89716527027856,4.579706907276593,125.66382113209484
2023-10-20T12:00:00,10,29.08398734424771,49.64645028254196,1.195919645661251,33.90447544641557,58.968471054792296,2.504203541859813,46.655358626271294,85.32593333347361,4.312665641377677,116.33496887486176
2023-10-20T13:00:00,14,36.78794582112222,51.050634075565895,1.2300466357380886,41.303558640398194,64.26913700131442,2.486192811329668,55.45635681992759,89.47480778749379,5.220659231242591,142.978962929903
2023-10-20T14:00:00,15,37.96269149451762,51.34479859932128,1.2242289884343869,42.90404384046549,65.54209567935565,2.507543080139378,56.442042511886186,90.59202639205361,4.9967602308174035,144.5276171627105
2023-10-20T15:00:00,14,35.32432282818995,50.40743424828159,1.2560765403042191,40.94624003192098,66.14302363307209,2.3798356496476165,54.72916287298824,87.1676670917717,4.834418526859413,138.09198432890366
2023-10-20T16:00:00,11,30.769548753117324,49.58145815915124,1.2669554533100906,34.680089894807615,62.89507257723073,2.675978282088508,48.23916377802614,93.19371220222878,4.994592985878144,122.36141063992972
2023-10-20T17:00:00,10,29.155656901807514,48.45740252283927,1.1250218443009998,33.41342205470515,62.734478141984425,2.6390219236727726,46.76193838510797,86.55160327447733,5.220868423818828,118.74208629453696
2023-10-20T18:00:00,15,36.61885261129267,53.721982342831865,1.1866842897800722,41.78914729795501,61.76781735783194,2.3499368098876636,58.178123919883824,95.21804378507105,4.945194084221729,143.33253970249754
2023-10-20T19:00:00,10,29.46799226075476,48.053615665327015,1.282740663405121,33.389638597800754,63.71919302571466,2.3969673897033057,47.065593330492476,89.57919679342012,4.599216576479104,118.70445738609808
2023-10-20T20:00:00,0,1.9756343261560179,43.39832387251718,1.1993185204831576,3.296821033570432,53.5954336603599,2.575493700223645,11.484104891759982,71.86828382491177,5.035062130827546,24.445470358502916
2023-10-20T21:00:00,1,4.340127856434801,45.46228319288433,1.1036912004602193,5.411191243572283,58.21204579222701,2.531825649410944,12.769016413377926,72.29598710115498,4.555702422871802,30.901323158150028
2023-10-20T22:00:00,0,2.0904602678507187,45.48566769363627,1.166602718254941,2.7268730619942345,54.71388559531951,2.62557069176626,11.191934725014583,75.01322495747092,4.5955083332986,21.10634467025745
2023-10-20T23:00:00,2,4.932171445145809,46.086116900350184,1.2600082200649751,6.086483928021121,58.59031397459733,2.377398745304451,17.412998735781862,79.77321706460532,4.8230825768542545,36.373114970260914
2023-10-21T00:00:00,2,5.455723371116079,44.30756990400093,1.132955779601589,6.186079478917446,57.85901468995537,2.5471259549443652,17.441906944014637,79.39402187241538,4.681492667748065,35.45475103732383
2023-10-21T01:00:00,2,5.335975165382819,45.45918710061652,1.2644411580212864,5.315793026185445,57.629682265549874,2.5352814019912953,18.064277585494963,75.8689392362726,5.1927614801389375,37.29256582762778
2023-10-21T02:00:00,0,1.1657849988641484,45.58558915828409,1.1344787314294347,3.8991179631039508,57.60254636398232,2.647740776771104,13.679773893414257,79.93070538188208,4.889261852421095,24.144310857094215
2023-10-21T03:00:00,2,5.727830159812893,46.03024823279167,1.2601444464890068,5.284959282678205,58.502839641663485,2.397401570772687,15.162758966697725,74.3627404568063,5.132724378731283,35.47469968473557
2023-10-21T04:00:00,2,5.261579435240827,44.171076465401704,1.1950701521001954,6.050312911076723,58.225715064431256,2.4995248366388614,16.7807814795042,77.8345929685403,4.9826613448242805,37.4286851376932
2023-10-21T05:00:00,0,1.3224969804971907,44.856010278712155,1.2339708048302414,2.8460896888975187,52.0171868881857,2.500395894818251,10.542267453899079,72.79269363783608,4.74275475262993,21.717972726120472
2023-10-21T06:00:00,0,2.144675040381994,44.4526841205106,1.2560328792584086,3.2192135257745256,52.075206992691385,2.646837113723356,12.325521207055349,72.66071283859368,4.803116284020616,23.14832355126676
2023-10-21T07:00:00,2,5.385714679537642,47.886698289425084,1.2689172722154791,5.897236504228904,55.31806291660307,2.6846443214585776,16.39908753363489,77.07451193496645,4.9870316628203,34.33309029479085
2023-10-21T08:00:00,11,31.41831632274287,50.93876446421413,1.2070049348904757,34.90263513441202,59.44119090712679,2.667327400740812,49.813546209945,88.41820139853142,4.508393503161357,121.22886341137232
2023-10-21T09:00:00,15,38.164535966383035,53.01647467844451,1.270004927129388,41.94563855508065,64.1364447247998,2.374438352402637,57.674987743689684,91.68195368316802,5.006415250941433,144.94204926037312
2023-10-21T10:00:00,10,30.817460341632284,51.00729031597259,1.1592916559499802,34.54954364185004,59.42378905020284,2.6537993651956286,48.41903239890115,88.7132580131844,4.8414911075338996,119.3359635263931
2023-10-21T11:00:00,14,36.52730612170481,50.744176766148776,1.1512066646259935,40.244531450989825,65.99805068012634,2.5754671168144654,55.48359951234097,89.19820475783992,4.463688549898845,138.1106739669977
2023-10-21T12:00:00,10,29.45372389665443,48.13135978294167,1.1837012826243345,33.30130630785202,61.9386238097852,2.3893326989268204,47.6153235001904,83.76182010003296,4.717174426145386,115.40297112709443
2023-10-21T13:00:00,10,29.77891630841537,49.79056675311943,1.1007636944228252,33.74880390907867,59.04011966795444,2.4726785683097185,45.76482026407395,86.00970273973424,4.682062909228141,114.40668039666721
2023-10-21T14:00:00,10,30.555421808889704,48.76614725514624,1.1936866579434608,33.176737449589496,58.989302334265325,2.4898403556140343,48.7952014131378,89.7211395554788,5.163428305553172,121.53656599191673
2023-10-21T15:00:00,10,30.211132137157083,49.26722754093116,1.2044799111272737,34.56401731122084,59.760447495918605,2.4370971743389296,47.372349462489964,86.14058886785543,4.424704653097204,118.36197406690087
2023-10-21T16:00:00,12,32.983919896469324,51.230205610997416,1.2465529048742752,37.542991695710086,59.491223292993084,2.4428540699963373,49.66291529014976,88.43878325491428,4.39252759498411,128.76555345757873
2023-10-21T17:00:00,14,35.7954439542725,52.62038142719535,1.126461142134224,40.267341078838896,64.76681276811034,2.5538924789638404,57.340581706553124,95.13377167864789,4.696569277452524,139.00926972663044
2023-10-21T18:00:00,10,30.57191163685363,49.90816184867138,1.1863798321708228,33.02974060557864,58.465025064942274,2.3220847584809343,46.37331875017677,85.13478800683357,5.0973917313184245,116.29104867824829
2023-10-21T19:00:00,13,34.79438780091942,50.107242650760334,1.1674492521834667,38.53447467907171,60.793662997016405,2.345289211690051,52.54144175556393,87.00585342707993,4.874814472037788,134.6050770821207
2023-10-21T20:00:00,0,1.7570807427053687,45.85285832921763,1.2774263657754454,2.68445126730859,57.15544470528512,2.421993130327323,13.304451072239464,79.27397198765148,5.254738381859169,25.715499221318552
2023-10-21T21:00:00,2,4.047374769065415,46.2794139643883,1.1808095750875363,7.065519463276094,56.547081533223576,2.6895027393593622,17.483179895486423,75.14827993906896,4.611965484014254,37.97700168078568
2023-10-21T22:00:00,2,5.730020492404097,47.96296847723412,1.2307689917623266,5.601542084592487,56.74349832191325,2.5309367740953004,15.129753569487656,79.51593767751763,4.519465295865605,36.1609702344959
2023-10-21T23:00:00,0,2.8113468671788304,46.33240168781499,1.2787842770148592,3.3556812687828526,55.85004482611843,2.4507393997121785,12.898385766441104,74.61667549222982,4.311098805744695,25.158821416473998
2023-10-22T00:00:00,2,5.9628878359531186,45.87238193656701,1.1775127674382149,5.872139712180735,54.1349898747214,2.3548349910903346,16.61385670637037,72.56202951080705,5.089325866881906,37.860082820631405
2023-10-22T01:00:00,0,1.786735717770971,46.571216480178784,1.278273962729335,3.483121337726695,52.85150634188191,2.3532437484644655,10.14853644982096,70.3135293951579,4.963683778695103,22.15579901675089
2023-10-22T02:00:00,0,2.438510475426453,46.88562452262931,1.139956253952996,3.595250342181755,53.19061632872694,2.4602017213173673,12.899561052111856,78.35159001256068,5.19913566943716,24.401914254158065
2023-10-22T03:00:00,0,1.0769046632341563,44.47618333677138,1.2086777975552028,2.875182421984549,54.51616142244471,2.644800163644306,10.473656388395556,77.97200981753231,5.247656824552142,20.802129732403436
2023-10-22T04:00:00,0,1.688392707782588,44.39258879659498,1.2385560889686356,2.993314599683065,57.16410628785535,2.375631417938603,11.770048717447544,71.5333206355343,4.827078029703559,23.398826307732413
2023-10-22T05:00:00,1,3.0332172373317094,45.8152275997095,1.2832739297998335,5.4715680336235115,54.13915107543725,2.385081758569485,12.640817533244274,77.22108731917572,5.017428753790908,26.98380853625266
2023-10-22T06:00:00,1,2.6575139054252475,44.12703858732895,1.2153963467333229,4.181472338623809,53.88851762218665,2.586275065541245,14.461681733908176,71.32139254014785,4.65863277492455,27.830269443350577
2023-10-22T07:00:00,0,1.5488525407636247,45.400898983757685,1.2744620123186052,3.199159159566391,54.31825356834978,2.5973849116374437,12.777420575489767,73.40476161500918,4.581087363690731,23.412951081447687
2023-10-22T08:00:00,10,29.817160439616668,51.909275647053974,1.169072924151102,34.9957978459207,58.30305366380651,2.6418938076373775,47.77935441492994,90.4060310763931,4.635566432194512,118.02510235966243
2023-10-22T09:00:00,13,34.28190100203615,50.98908242516298,1.2826494243793554,39.622443935587505,61.68200824789964,2.4323846493521275,51.90417643272755,87.34616941277444,4.535990596194206,133.31529054713013
2023-10-22T10:00:00,11,31.542341954530315,48.79137352586368,1.2082830323278404,34.65127142695762,60.78786598432137,2.3573589610311867,49.69085098286034,91.18271698498684,4.385344507613675,123.90581054512737
2023-10-22T11:00:00,13,35.11040014797021,52.35836579635054,1.105733108131788,39.58107429508543,61.52958106082261,2.3436812068193436,51.72612790190714,88.59075884347847,4.342098593671603,132.48718086343607
2023-10-22T12:00:00,15,38.23203597845301,52.72807383521959,1.2402164376990374,41.057746553077024,66.13226306651578,2.469683219454378,56.52815654726159,90.65897974780735,5.172022020082701,145.26408264089474
2023-10-22T13:00:00,14,35.18014626677328,53.33927110766875,1.2966473835259384,40.44581799923428,65.86028054476292,2.342212709688645,54.399714138344684,87.98803790852422,5.059624667068855,137.45332218786731
2023-10-22T14:00:00,12,33.366337344410596,50.69643663693198,1.1763806083551964,37.7791972499307,59.50150180997984,2.301955912442145,51.065860295081436,94.10493998327814,4.85018356138903,127.68425139970078
2023-10-22T15:00:00,10,29.408737214140857,50.362854583667975,1.1968164922489792,34.68625486607603,61.2849156241141,2.44954101283787,45.966302935805345,87.36635494883485,4.589414508500429,117.95331164503462
2023-10-22T16:00:00,10,30.965584972920958,51.1630528782908,1.1409426124242201,34.91495106386224,59.310713799463784,2.530590706629437,48.243666000537345,91.1098621794941,4.590817835071481,119.5543154024698
2023-10-22T17:00:00,15,37.88449447776975,54.19064896622623,1.1072238658868623,42.84917868698899,65.87808265287057,2.698209021158238,56.09087343576765,91.79143308515602,4.688687083040937,145.63955950330185
2023-10-22T18:00:00,11,31.08012166023603,51.7782661098709,1.2611445791251354,34.80923963644655,59.799863228319985,2.601614228734174,48.726116214913915,88.83098348897389,4.630402905736358,121.68758103777813
2023-10-22T19:00:00,15,37.94889979322619,51.282453842704705,1.255875742723282,42.82058299110581,63.38255591249286,2.402823451334968,57.377299672350844,95.28041415970277,5.253578374100429,147.6743296404262
2023-10-22T20:00:00,0,2.9553360870576117,45.07570704482494,1.1633794401113065,3.931909699095835,56.307188960273855,2.4759130038937713,11.443116003558261,72.01652172611333,5.214860418829639,26.30544852285155
2023-10-22T21:00:00,2,4.963106119583536,47.869900958237544,1.1435455306811417,5.977209315056235,56.22055504072981,2.4754255274257577,15.286340624112299,77.39848783332555,4.531042071880093,33.61967589711679
2023-10-22T22:00:00,1,4.3861838468573,45.3443977450646,1.13142310493549,4.386440580122667,52.7703961637132,2.3187401738161233,12.75128939704285,78.63345562306125,5.128004477400423,29.17470329898461
2023-10-22T23:00:00,0,1.335683505629494,45.82196283191375,1.2072020461407411,3.273741759272697,53.217582340258254,2.6022622853388793,12.061723095988224,71.97583373817886,4.669709223319036,22.44374058651937
2023-10-23T00:00:00,1,4.200519190709899,44.358695035249305,1.2197047021977696,5.146226333431283,57.41704812971467,2.3590723232383395,14.028787878525396,75.53388656901846,5.12499261771003,29.718210868756486
2023-10-23T01:00:00,0,2.4614905673088208,45.20658535034477,1.114972771437923,3.3096165771540145,55.632187675403834,2.345886852459369,11.235615787312792,74.33761253318116,5.1553343010803285,24.151775698804336
2023-10-23T02:00:00,2,4.403374874085426,44.84040155441212,1.1692982543991803,5.8527117787045615,53.69649529897018,2.581590959256907,15.708993676950124,80.71807899647793,4.7644404432375165,31.408321943467392
2023-10-23T03:00:00,2,4.234528169451786,44.745941277164896,1.1393307479718313,5.875960450262928,57.43715955117121,2.3062323284614914,16.27989044621041,77.71472946716732,4.975731894540479,33.08988159269012
2023-10-23T04:00:00,1,3.533854661017184,43.640177525188,1.235900486634208,5.417015709547915,57.784980202473285,2.532567372250411,14.899205743292224,71.99512250527015,4.689151073765756,31.476471505170764
2023-10-23T05:00:00,0,1.796672628555477,44.24763220679453,1.1659924387754723,3.7256978468782833,52.19791411359878,2.440859213314304,10.286015463792463,75.81855548781155,5.003703271852067,22.589416769361282
2023-10-23T06:00:00,1,3.131508667863204,44.41763948433264,1.1237902924286542,5.274943177488593,53.44670822894751,2.3817900932426372,15.835384243276433,74.36048862655404,4.4680757651115695,31.448006831637407
2023-10-23T07:00:00,1,3.0782715423851306,47.108207704118925,1.154580533395338,3.694054782525193,55.61217490184107,2.3398799533746866,14.186907243571074,71.78096708849992,4.482752724343724,26.50665584365912
2023-10-23T08:00:00,12,33.45145713705822,50.23206469943136,1.2956257168203338,37.357369681275,60.109247779930485,2.525494039834211,52.09429385154007,93.04296954295222,5.0811105644959635,130.46954133509018
2023-10-23T09:00:00,14,35.322998558141094,53.710278073662145,1.1520699205510956,40.660364276487556,65.3802235385923,2.657120446299127,56.60469777836829,88.43187779143351,4.4749657252689286,139.36347342646997
2023-10-23T10:00:00,11,31.053595604571314,51.43573305141859,1.100323714105697,36.09430841002983,59.36059456021545,2.64231532647052,48.52188305761912,89.84540335872286,5.205419200085756,123.57212080999533
2023-10-23T11:00:00,15,37.66044704855145,54.43851740721157,1.2605070910337481,41.30831072512044,62.1336595545706,2.534770324610755,57.57634465691734,94.39664457189009,4.775571518084792,145.0904564027362
2023-10-23T12:00:00,10,30.109873392500624,51.43427630297833,1.1424723767763483,33.09660459051466,62.68062318588323,2.437245249904825,46.48789593577881,90.19733099900881,4.612921512562354,116.75164318798049
2023-10-23T13:00:00,10,30.308653033363044,49.57309267712403,1.2681211703627042,34.12523824614976,61.88994229625547,2.629608004077749,48.857386556249864,84.43695750213107,4.986841091915835,121.35636336086733
2023-10-23T14:00:00,13,33.54899168598572,52.56053632726731,1.1351877515041786,39.678853970534846,65.6835457315454,2.588640767467778,53.52714088474488,86.72312409292653,5.172983847351904,135.09313342341014
2023-10-23T15:00:00,12,32.11273858389448,52.365027739616714,1.2407542148516064,36.89304802632029,64.04384095914966,2.408146764518482,52.114077941141105,85.17427347708696,4.3549307285770515,130.96166676333155
2023-10-23T16:00:00,15,36.707334249493314,51.778639959715676,1.2321041618001682,41.44806616390139,62.815456713580005,2.5449901637391243,56.691036105124894,91.13686338188377,4.342946265600749,143.22598285358166
2023-10-23T17:00:00,10,30.194644026717405,50.216148386772865,1.117034220274748,34.335979765058575,63.195450875339134,2.4067519342821,45.74080834429231,82.22702567245321,4.3100462639430575,118.83393272788108
2023-10-23T18:00:00,15,36.721304181185836,53.399278931843746,1.1530495950844966,42.23167454470495,63.2486413730167,2.5663120921127875,59.885269713906865,96.08120903933117,4.8923209749572605,144.18430368281093
2023-10-23T19:00:00,13,34.857683958407065,53.44510605198617,1.156673172475643,38.43666923695015,62.01597493024827,2.3878806713345617,52.327541564855856,89.51431627234986,4.477715425126823,134.17575420976758
2023-10-23T20:00:00,2,4.234826657269034,44.42445298711297,1.273762831031967,5.557988191180688,58.00616346623733,2.6531012616671044,17.7786214136663,75.8272114048953,4.564011801652375,35.495037234266526
2023-10-23T21:00:00,1,3.3788970293392597,43.727836197075696,1.209474944190018,4.119716430035368,56.192315922189955,2.4446508592431337,15.990384816556293,71.92498384530121,5.061391637188978,32.6192402490567
2023-10-23T22:00:00,0,2.9085198745326597,46.0540562336327,1.1443718463379313,2.1659703756333055,54.339256502756136,2.607156288581744,12.913668500225182,70.66285884261792,5.241068512834038,27.42200953397135
2023-10-23T23:00:00,0,2.079954932455588,45.5903414973394,1.2576626867997458,2.092434140213058,55.04797496016111,2.331846250042527,12.659051191278403,73.31305793672705,5.03111793642384,22.820452232022436
2023-10-24T00:00:00,0,1.0764699486516278,44.242939266918725,1.2861991359311267,3.256412288391564,54.40895238779912,2.6367101673653925,10.183649935137495,70.78746834815978,4.357031448575713,22.018361286365526
2023-10-24T01:00:00,1,3.5122271268364917,44.906467938256235,1.1121219851351625,4.397685223143096,53.26780096423272,2.430863519090412,12.72917695612799,72.43983460275099,5.244197750865022,26.69712271916847
2023-10-24T02:00:00,0,1.3158104421537002,43.411247160626814,1.256188079945809,3.6299659640482895,55.99955630922011,2.5301291525870844,12.060711621047131,79.08384853363982,4.946931144513156,24.68940585613834
2023-10-24T03:00:00,2,5.783130991554735,46.10310499280288,1.2571465385562997,6.26890157121777,57.17727975750558,2.597732254321156,17.17716876191639,73.7050815933852,4.985237193789947,38.32524285557957
2023-10-24T04:00:00,2,5.521781147044969,44.51230260494599,1.1181496612942374,6.1433736871906195,54.337364629519456,2.324330519917578,16.13943119819391,73.0107558110803,5.160492524061383,36.73810515883268
2023-10-24T05:00:00,0,1.6513173889054524,43.870121204141924,1.291783734705945,2.0808606899742146,55.95800982739701,2.6565366463754847,12.091624288422619,71.68055140055272,4.427040254697638,24.112002863677734
2023-10-24T06:00:00,0,2.1030842341403684,43.71615717321658,1.100315501764193,3.5367912639391843,53.33402423858036,2.556029573341947,10.74298804202981,76.2787463118139,4.751382336511115,25.427752773696977
2023-10-24T07:00:00,2,5.56900918043412,44.65166021039472,1.1689552637875045,6.378333057652428,56.14594458818563,2.6012054665716042,18.259114850902215,73.83452259577412,4.501923607425815,36.19982703253055
2023-10-24T08:00:00,11,31.852312094626296,49.89230415153227,1.1248867061343482,35.99862237279579,58.7213062908991,2.5064710459502053,48.6309034554248,91.1237739764154,5.240395216427093,121.59571866913745
2023-10-24T09:00:00,14,35.32729488317797,50.51975458387544,1.2511973080099137,41.03195058180984,60.96758444724041,2.4394447281107814,55.30115553931528,94.80750658728839,5.007415788333661,139.97962865726169
2023-10-24T10:00:00,10,30.619799084609944,51.244323477208304,1.19142627359739,34.24298387074574,63.21762281009808,2.4977926524266043,48.45953170619103,84.65952047690021,5.26031611339516,119.00418381527268
2023-10-24T11:00:00,11,30.947776943338198,50.410322618359565,1.1916480396890177,36.21967644090664,59.41174871637383,2.5499197327675835,49.092348893948405,85.84920648416129,4.816263321043663,121.97760206474189
2023-10-24T12:00:00,11,31.29319746024815,48.77741839860025,1.289478517069576,36.24925007683574,62.62008949934712,2.563523722487179,49.60388620734188,88.86585845411759,4.761463841424341,125.0301961976444
2023-10-24T13:00:00,15,36.78528662800077,51.12754004078556,1.217121479972653,42.49535079424007,61.80973730517218,2.3826853361682274,59.1246968959224,88.82807539115744,4.939271348705938,144.67899910209042
2023-10-24T14:00:00,12,32.66304885124745,51.39098661601382,1.1908689414596971,36.998901655626234,60.17063624386698,2.382010895597822,52.983799523233074,88.1824643361035,4.465573748343011,129.88724880206476
2023-10-24T15:00:00,12,33.69036878248468,52.49322539270268,1.2865399048179242,37.08205690683435,59.89918869183482,2.3987481615200643,51.58987537370568,93.16282028612363,5.198243730763249,132.28965905752602
2023-10-24T16:00:00,13,35.20103847208877,51.370561709940006,1.1681118775741826,38.62101972759217,64.13739246792203,2.6552566782747724,54.87264261415954,90.23193156098759,4.7877418397112175,136.30766927930975
2023-10-24T17:00:00,15,37.927242412115866,52.46944572013199,1.1163867087289296,42.837169786933686,63.224717066657384,2.655098673601067,57.464269564158286,93.8595771815652,4.441777338388603,143.37627394552956
2023-10-24T18:00:00,15,37.55757727091879,52.214810619077106,1.2679649337201047,41.427144208469755,61.799491717569914,2.504918282043886,57.5795665556814,92.34456813271521,5.251236555382296,143.82732104522262
2023-10-24T19:00:00,14,36.277889221570064,52.28265956554745,1.2426272212450395,40.43824522015484,65.4704635812935,2.482950978606651,56.351294404152284,90.31883255088505,4.521669183801811,139.27942326975057
2023-10-24T20:00:00,0,1.9096793663557754,44.987083775414064,1.2930612532278773,3.855660482537678,57.87357743288513,2.6653365163443015,12.666683245637238,76.3664447427814,4.620959552810856,28.165476843388618
2023-10-24T21:00:00,0,2.463382570591423,45.35379580257816,1.2915548641307497,2.68981509929952,53.25637436974071,2.667965320488057,12.785198918315889,77.11261580970125,4.760890911193103,22.98046248817072
2023-10-24T22:00:00,1,4.222217168113513,45.66894764863806,1.227806057812632,5.571702668014597,58.069732425402,2.689163650336263,12.220381702368488,77.15581547921556,4.395007942396671,31.610144818974526
2023-10-24T23:00:00,2,5.876754375842943,47.95814093340322,1.237266597275853,5.672355845778209,59.178764120414186,2.3886371801757917,18.175885408764437,74.68839041153937,4.976389601739143,34.95148935750295
2023-10-25T00:00:00,2,5.122193262228846,44.81625532280059,1.1937887776492728,6.522639455859151,55.41607415241851,2.6720557479873377,17.490909285017388,76.54645378385928,4.338039645097926,35.61016814077789
2023-10-25T01:00:00,1,3.8878622313160776,44.9267634631388,1.16282099975472,5.328743196416564,55.216091736622786,2.3882336242233353,12.817332071790617,75.73071623190161,5.231729641355772,27.548452691386235
2023-10-25T02:00:00,1,3.4059715195733915,44.676009075092146,1.124446550518632,5.455017731442663,57.116473703949616,2.3344243051655855,14.444453376290479,74.08660277466285,4.944037938469327,28.9259507440824
2023-10-25T03:00:00,0,1.1002819365261933,43.225750522813364,1.2571815987002546,3.642435606335518,56.224695615560236,2.5409315051733596,11.08441625721914,75.24106413878249,4.341777310553742,23.211702164243178
2023-10-25T04:00:00,1,2.824903901528166,47.150217752126814,1.1240217748482948,4.503315800902513,56.41800236630184,2.432769358922933,14.211763940799518,78.53513636516732,4.541502047872701,27.64085972955379
2023-10-25T05:00:00,0,2.113639198969223,44.552237901943684,1.2928461168178649,2.8044211794833664,54.6664799622783,2.5368106405034427,12.506272465685804,78.17400761280265,4.638588380063685,27.254022365622998
2023-10-25T06:00:00,0,2.581628005718909,45.014681439875204,1.1354136320534909,2.1172415589742126,53.512732070973286,2.6085312560491136,11.87562196768025,73.74763109425447,4.425534189206231,23.840307762264366
2023-10-25T07:00:00,0,1.6874860514506334,44.4179224901052,1.1656072247646025,2.5031977646133514,54.02875522946889,2.3842676466294357,11.43648818808814,73.48210889095859,4.767875504598736,22.302039121122334
2023-10-25T08:00:00,13,34.97814425370959,52.2290791259998,1.2537210782208654,38.034604628333966,63.05612722374955,2.556821300469785,52.74331864033516,90.91599181891493,5.185863572030187,132.265057430311
2023-10-25T09:00:00,14,36.336721456463316,53.39415569384037,1.2934206773028103,40.03474085355012,63.66352690505329,2.5294489232555017,57.642409269830395,95.5977048222138,4.589031516462824,142.61662637036176
2023-10-25T10:00:00,10,29.839451828108473,48.18323208287515,1.2830538496444392,34.27586170831633,62.31953605297507,2.6137579653703815,46.26155590461776,85.85560500883899,4.762118493846759,117.69595160960078
2023-10-25T11:00:00,13,34.828883893344035,51.05348647377242,1.2112705083316204,38.44733410710751,64.06442689690174,2.6958624734673586,51.921988565972484,87.04239464031787,4.939406314505621,133.4497555516903
2023-10-25T12:00:00,14,35.712283261709516,50.34039521826222,1.2856663453968282,39.66169609410143,64.67020104186152,2.5213204898173847,57.26019964897864,96.29293365566008,5.102756913215831,141.87499173764553
2023-10-25T13:00:00,13,34.878744182233795,52.26174890726785,1.1440720493090253,39.3065055673485,60.227236858819694,2.4705596171849096,55.239504605576855,91.94589102097034,4.548101544340102,136.70891068800142
2023-10-25T14:00:00,11,31.552391702495463,51.61652563372844,1.1800183519939007,36.27499451503364,58.906052753395336,2.602272168355494,47.945513861427585,89.92947789116162,5.07151457072327,125.47288386176291
2023-10-25T15:00:00,12,33.83815863061525,49.84422539472646,1.2149835698644715,37.76462289556829,59.680602372265824,2.372006229664983,50.022624991368346,90.81192985220414,4.439275391046146,131.1475748638575
2023-10-25T16:00:00,10,29.88811666379767,49.56974311720836,1.2491449581943719,33.62389209488541,58.193920354351334,2.4024457244316038,48.06854725280962,87.20397104511143,4.454071002980718,119.38754220718309
2023-10-25T17:00:00,15,38.11825125094524,52.62136869490765,1.1345417717955484,42.868605123852845,64.83083661723822,2.676593905938935,59.60331484050837,89.11826597371262,4.850897326406886,150.55919900232496
2023-10-25T18:00:00,11,30.723572797080585,50.976164160500275,1.1102790957355122,36.19968980956413,64.09060812137103,2.3599008876462415,47.38734676556778,92.78653530963997,5.138967449443366,123.54780119358955
2023-10-25T19:00:00,12,32.35595891477628,50.30327552543283,1.183106148430202,36.942622261800366,62.92817837851422,2.5337608432648224,50.85712066596064,85.10278404477671,4.865425204901298,128.23313733157968
2023-10-25T20:00:00,0,1.456964223190785,45.569535055362266,1.1370854690757377,2.913469534739386,52.11627021852274,2.3004334542265648,11.852923062574659,73.60083925631142,5.069433552970249,23.136206359970316
2023-10-25T21:00:00,0,1.3088473404196388,46.009683364053366,1.1156982647027562,3.446640141012373,57.43271896777346,2.3987635284752686,13.121414695566678,79.08517334649419,4.614700980155469,26.807726024857367
2023-10-25T22:00:00,0,1.1264006315788533,43.698811236710526,1.1517933080889928,2.069885745406604,55.50577997026797,2.6533035998232917,13.382979102050355,77.76238521524428,4.939627455920595,24.19894166635791
2023-10-25T23:00:00,0,2.461279970455534,45.34776711591632,1.1337643328542857,3.9392774673939854,57.70826829561376,2.651711216400483,10.182193733658695,75.0042903552966,4.917620100240288,22.26912971195868
2023-10-26T00:00:00,0,2.9495176745442295,45.07987742158368,1.1981838562586578,2.6459857861835774,57.39594122919403,2.316679995101116,10.71143411010017,76.09652432375579,4.865674010221461,26.09960569719484
2023-10-26T01:00:00,1,2.693968216463741,43.97823489244213,1.2792507872992775,4.181513968936562,53.56329830184625,2.570202251091034,14.42514397465148,78.90250551839408,5.121563673914971,31.293677539990334
2023-10-26T02:00:00,0,2.9996097176777745,46.61785553024982,1.1909069635648373,2.919535922785504,56.328487407944756,2.52122618617904,12.981430344030766,74.59608338834872,4.710947772104407,25.339040395268487
2023-10-26T03:00:00,2,4.904904023919801,45.40594187306692,1.1368553283203955,5.691296950471478,58.919302465231425,2.3099471415863166,17.19713199784765,74.53633526613035,5.075802207814716,33.322179084756286
2023-10-26T04:00:00,0,1.197589254779808,46.839392633193654,1.1631952014241573,3.4472222740237246,55.70980583924205,2.360971849060581,13.322360443660692,75.15102443244339,4.386973588488745,27.494137767497406
2023-10-26T05:00:00,2,4.985914912309097,44.93592023174803,1.1990347113583553,6.022376470839639,54.844596793018134,2.5036707984964206,15.886406555710211,78.88658725294385,4.46529667439504,35.334303804004115
2023-10-26T06:00:00,2,5.9798803116013985,44.725567756800714,1.196257880814501,6.132593986446167,58.87267979637763,2.3045651262710116,16.990074679699458,74.38400889434632,5.232732820950738,38.33021650703856
2023-10-26T07:00:00,1,3.340234978151577,44.99952425509986,1.1551569629554004,4.2512337464105965,56.247122347717145,2.548783608024379,13.568922894226425,75.99115657949564,4.68871891256514,28.870829671057535
2023-10-26T08:00:00,11,31.27151070750554,49.32597978338634,1.1215204258067673,36.47378523272002,62.25614264310986,2.4690154903374646,49.00855282305906,84.73409428900595,4.5010127985953625,123.40266041114367
2023-10-26T09:00:00,11,31.49527676590521,51.52573500675729,1.1907997099676966,36.27534157689345,59.84577829687954,2.353458066074996,51.004945503245494,90.27936066946937,4.384036618896982,124.4099503239586
2023-10-26T10:00:00,10,30.93504318332124,50.74001482971054,1.2619566643448228,34.88464204596388,63.567350898634096,2.661645717240636,46.56162831364664,89.96280313269231,4.558944571151164,118.50198012080031
2023-10-26T11:00:00,13,34.315327744728314,52.12027589887904,1.2097313768233875,38.418079226759616,64.56821335115451,2.326868731267237,55.347899749332626,85.92174873463057,4.86837267652475,135.964343058983
2023-10-26T12:00:00,12,32.32014121473865,52.741740919104984,1.1702561422749707,37.47504112480327,64.74212977320113,2.583406024764342,50.816332187031556,93.24816057800717,5.13552968049731,127.63569268834411
2023-10-26T13:00:00,13,34.06704411323656,49.808108950225154,1.28257935298686,39.0125807211556,65.7495751497894,2.6803587278850074,53.386954411694894,86.42462051648653,5.186050316869514,135.0683688514694
2023-10-26T14:00:00,11,31.183513040425638,48.7782789519075,1.1610574590218794,35.4935745915008,59.307353691719634,2.315608034768261,48.38452441615347,91.36869932470258,4.517789951233104,121.77957932045167
2023-10-26T15:00:00,15,38.428461725208955,50.90630280908495,1.1082609381282174,41.935625115963504,61.85554990307525,2.6447516917701455,57.33121735402372,90.49228467384619,4.502430518719532,147.24469404375048
2023-10-26T16:00:00,13,33.97978832091827,49.64994557383925,1.2213171555918627,38.62180619126818,62.29191744264176,2.516381542739741,52.250595670856285,94.83125352559946,5.102841260627205,132.4377711664002
2023-10-26T17:00:00,13,34.133594725511976,52.159808230421596,1.1648303897860621,39.77059761965965,60.01771152663682,2.4166770208036827,53.922333223589646,91.36740659418032,5.127850265173441,137.5792897472915
2023-10-26T18:00:00,15,38.344723041260536,53.67427839708599,1.1357435763306585,42.00822193444757,61.74663193298658,2.333674235570686,57.53876820010136,88.88057955509991,4.7689677745472085,143.24750005162133
2023-10-26T19:00:00,13,34.94350039189443,51.254476581019965,1.1339932308308045,38.13356849850318,64.36614296575469,2.5570733004772124,52.15010310395775,95.32117466982751,5.063267620439472,131.84402299039326
2023-10-26T20:00:00,2,4.322535568323666,44.65522802414535,1.2343588023970167,5.7283996448852115,56.045321130901144,2.4257513288829458,14.626324204706322,76.53799922420265,5.248042219037661,30.43626098104193
2023-10-26T21:00:00,2,5.448512814695211,44.2575425314466,1.2232158040256293,5.235191609616534,55.40196629656387,2.3461390704083067,16.795185398062387,75.13940992364195,4.832257380117129,32.65970994942828
2023-10-26T22:00:00,1,4.182067607759165,43.9171319701801,1.2492919894275472,5.197533176103914,52.65800809773315,2.5247001410408454,12.664597519434864,74.26953898837375,5.264469173974531,31.68526254864863
2023-10-26T23:00:00,2,5.4121829928718475,47.550034429473534,1.2690282800563057,6.0315961497453845,55.773114714411264,2.6653810645088925,18.13687597949199,75.69329210124353,4.367014741386633,37.00115690237159
2023-10-27T00:00:00,2,4.192722580133803,46.25067039383079,1.2599540735919346,6.134164111500792,57.8736117756931,2.3000507483165817,18.176159113426145,80.3098691388368,4.922752897802662,34.81827055835525
2023-10-27T01:00:00,2,4.695708052078479,45.103479872286826,1.1356655182019486,6.030224269164969,56.597247364372464,2.373651139915873,16.289168894577998,78.78372576565627,4.397036849750647,34.932297167749404
2023-10-27T02:00:00,0,1.4087380538471217,46.173364949056726,1.191689327322623,2.7815606356476286,54.709799830270285,2.46705641983176,13.84008286000334,72.12897539242269,4.804607242122475,25.000516894675137
2023-10-27T03:00:00,1,4.097135955310033,45.89371699509327,1.168297889213726,4.616548812442961,53.87652037323148,2.329876147345237,12.3628914125463,76.63076553690892,5.231207498231912,27.9314028851854
2023-10-27T04:00:00,1,4.398893006358736,45.87018113172937,1.2092070013468421,4.977534657634953,57.098617951056546,2.661750513357196,13.711210188391636,72.71913339732701,4.862266795689284,31.37598109180359
2023-10-27T05:00:00,2,4.20752579518422,44.60025304842682,1.2403241318817766,6.611392224320165,57.16035214081379,2.5155755834319247,18.175645338829316,77.62266998300453,4.670098284662987,38.81642266196319
2023-10-27T06:00:00,0,1.2123555165801747,46.9348008094157,1.1245002252059724,2.84191188988306,53.17002134167603,2.5149176531889847,10.480584735658644,75.72774438414072,4.806383612769356,22.699583947185936
2023-10-27T07:00:00,1,3.099605844055451,43.62505968243827,1.2813325826486015,3.6496670434110583,55.8546110448603,2.4533535042488963,14.303247019026095,80.98874045350395,5.090420631933113,29.56258206996411
2023-10-27T08:00:00,10,29.473741293274543,49.83855483371462,1.2489412463770635,33.048065004278456,63.462411491539335,2.5642587487268154,47.459657071175386,87.6106290525013,5.040892443783556,117.19154328137768
2023-10-27T09:00:00,13,33.91655761107596,53.16222018610568,1.2056583112065664,39.21290469055276,60.19583748607402,2.625653186032313,52.23112896658121,88.45808302767715,4.524091279349058,132.10320692855385
2023-10-27T10:00:00,10,29.55945415890759,49.40536814678903,1.2322899551337267,34.5459859356805,63.51677409397793,2.606658266969786,47.91954872446391,86.36304326179852,4.472374093279299,119.90861808496498
2023-10-27T11:00:00,14,36.267345944980775,51.52086310254396,1.230654918358182,40.408588858129164,61.344507787222234,2.429308325744223,55.25423431968807,89.8157260605851,5.08815260125373,139.63125841382325
2023-10-27T12:00:00,15,36.70047774174322,53.75886680253817,1.291589249746588,41.44735748949364,65.76640557917777,2.4497458081852974,58.42192792730043,97.29414625814024,4.375064390050821,143.02046901925456
2023-10-27T13:00:00,12,33.06552075436081,52.55157118723999,1.2784369406612608,37.14364788441861,60.4976297899764,2.513649417261691,51.34032976771768,86.92560965871996,5.08217785346937,128.00661873081614
2023-10-27T14:00:00,12,32.41355685209781,50.24429676300305,1.2443332958297222,36.54226398539761,64.65461226868071,2.6911242346123148,49.519614890925396,86.94605797573891,4.954267462236136,126.96970964724983
2023-10-27T15:00:00,15,37.86132075270397,51.58408972324518,1.240429762677028,42.5699787917798,65.17980668526091,2.671378123800327,59.49139573936714,92.83950851537791,5.122028181156598,147.99605182945032
2023-10-27T16:00:00,14,36.92096015945332,53.73698594637931,1.1825978611464347,39.94188139044968,64.63708936223713,2.5820889737512966,56.601532684506736,87.59741102782694,4.549997900091065,140.4152204158467
2023-10-27T17:00:00,14,35.490594733272275,53.74267125920735,1.2748207772057134,40.401463459950946,64.07213582907998,2.503785639817225,54.97577625446455,88.51223807893648,4.402385125760635,135.90351435959235
2023-10-27T18:00:00,12,32.03217604405617,49.290716761110296,1.2266215517752894,37.42483385646092,63.69668183836977,2.3826145537791046,50.034008797943535,84.87385505204182,4.880859529568164,125.84378203323797
2023-10-27T19:00:00,11,30.936602405413833,49.3687110374585,1.1954446831368342,36.00267842515147,62.772795517909174,2.3991241180081038,50.285484075805606,89.9478557976745,5.2925039025859,123.3865788868089
2023-10-27T20:00:00,1,3.6195716259431787,44.11824403477654,1.116423493306243,4.71643227946005,57.847979998906474,2.674628738696756,12.442705650677244,75.00637803935051,4.84751748811561,30.444549904789355
2023-10-27T21:00:00,1,3.1306995729139784,45.761401617999994,1.14307008250656,3.819693909381976,54.18077493308008,2.6698476794614985,12.495925128608558,76.30825313191053,4.306723599197903,27.829171663363063
2023-10-27T22:00:00,1,4.468231592238611,47.476893925536544,1.2106287196254486,4.2709813768136815,57.02625952279936,2.5650375591251424,13.129442081086946,76.8678180235584,5.275355146778915,30.540158921674916
2023-10-27T23:00:00,2,5.037027109148511,45.928257090650135,1.117612481708206,6.222987739899676,54.7033047083233,2.66304793409571,18.243796175296282,73.21970737792319,4.441147778233398,34.866075917128235
2023-10-28T00:00:00,2,5.7869922291999645,44.989867663508285,1.160559813346449,6.832379456413756,58.08151251568097,2.587595547310699,16.72039652139173,81.53847907860442,4.369056853955874,38.10420335057459
2023-10-28T01:00:00,1,3.3612250792785634,46.25826505209358,1.1170891364622566,5.166854262898273,55.6790278695097,2.5516683016538995,14.088984760322049,72.43623625468805,5.14414799330634,27.874388751051143
2023-10-28T02:00:00,0,1.7171097211980246,43.81235776865145,1.2961637205926706,2.8897421438293738,54.61348280934543,2.60132765514998,12.248314448224354,72.05525339289318,5.20415165961904,26.046317393658203
2023-10-28T03:00:00,0,1.6176898583491193,46.036175123890175,1.2678512671385638,3.2597844071919795,57.747572482085815,2.556337120501088,12.060298110047349,73.44389130487959,4.503802649575557,22.78144031773544
2023-10-28T04:00:00,2,4.7385916175369225,47.28523815210769,1.1316806339636096,5.7585079420626695,57.04322306956389,2.4250361304199837,14.816552940390885,78.73210068077046,4.822066802144738,32.25597484763174
2023-10-28T05:00:00,2,5.225290835075594,45.98545912727079,1.11927372051133,5.967139287805182,58.008987333278526,2.6161888545268495,15.130158444450652,74.0360403075477,4.349752918601331,33.68429523342843
2023-10-28T06:00:00,0,1.200856318049352,43.59979562272992,1.2221590877372652,2.9225809943970464,52.984105211817464,2.3422224441851003,13.865759477447067,76.26816522803176,4.468034495219447,26.852769450755794
2023-10-28T07:00:00,0,2.8067172879835205,45.633969069594755,1.2669507116959413,3.2848575821364863,56.311477434498066,2.5183628373676945,12.217149189432394,76.93192242218824,5.078374419751266,24.804355213733174
2023-10-28T08:00:00,11,31.113357642210048,50.76167431506933,1.263114035306982,35.36563617342546,60.81273802989789,2.460943481142757,50.56992328947331,84.32814868096779,4.365217810091133,125.43371017030003
2023-10-28T09:00:00,14,36.13441320028818,51.064105097115586,1.121144801637041,39.690035485677704,64.21453382578581,2.603729207387574,56.34778406947067,95.9972482010955,4.792033953424664,138.07528395838938
2023-10-28T10:00:00,10,30.727272671339527,50.40504735401239,1.1218392162125923,34.86555719584271,63.351723406359056,2.483482778594806,47.55433476181784,86.30781826067468,4.5689587503684645,119.12697135142652
2023-10-28T11:00:00,10,30.076332648480374,48.39375705477256,1.2932111593717557,33.48645466314117,60.97931619333453,2.3408345989164783,46.93511690697275,88.19182113998363,4.849091399559766,119.09912155082719
2023-10-28T12:00:00,10,30.831852554443447,49.21800641138869,1.127909384394119,33.15137879731999,61.58362988407772,2.6777644867259407,47.43481646541554,90.22270993992593,4.774742193489323,119.4655977541297
2023-10-28T13:00:00,15,36.97334059256084,53.81509331018729,1.216557083268947,41.09269288561494,61.052056857546695,2.5442820730911815,57.52364215084563,88.43190390057559,4.77787331620751,141.0192348795778
2023-10-28T14:00:00,14,36.25437758438244,52.79338305501853,1.1702638370477032,41.06767565832533,61.05129032952572,2.6903222847602346,56.677541666476806,88.55156354106782,4.41593173028271,142.60833810296467
2023-10-28T15:00:00,14,35.68516629232548,50.7095793944234,1.2706997361313466,39.45850611426509,63.664145732306515,2.441218344267311,54.76156984255129,95.00774491460669,5.227665257128876,138.44000392718468
2023-10-28T16:00:00,12,33.95188341204151,52.40680108668781,1.1459535971301833,37.842539625225,64.10528737394341,2.364147572824659,51.270697505318864,90.47561132046602,4.894509452094106,129.4057951092523
2023-10-28T17:00:00,13,34.48084398871336,53.29834168283525,1.1466445029160601,38.729626251874336,59.847071531982216,2.674434260721761,53.33966963869659,89.30134544750005,4.312359280604656,132.6609809237365
2023-10-28T18:00:00,15,37.89815047582556,52.78965384590098,1.2060898597310508,41.73818853269269,62.82041966326714,2.6806984569221535,59.644050767677115,91.29205618952915,4.780037397957545,144.46838645788208
2023-10-28T19:00:00,11,30.991252165366582,51.502929877451145,1.1093838072246278,35.845854399590905,63.05369097211983,2.6739124312342315,49.442752943067475,92.56442552242258,5.010475550178405,124.08182518868941
2023-10-28T20:00:00,0,1.9226548225446143,43.04623551360761,1.176037675068071,2.155911938770053,52.128072587316126,2.6776866380864024,10.34228487894273,72.08551168323437,4.510227116191125,22.823204396052198
2023-10-28T21:00:00,0,1.3270115377014913,43.71902911327895,1.253177200609918,2.0661618702261793,54.030866604282004,2.634201112625821,10.464995025714865,70.10545180168705,5.112487636036986,19.797325596991275
2023-10-28T22:00:00,2,4.076824123223175,47.826206759211054,1.2942789291888404,6.135782720541832,55.37941515444983,2.3309053134046085,17.201362895607414,74.50390104468705,4.950850831071738,33.161444665291114
2023-10-28T23:00:00,2,5.505943888656149,44.51632547172438,1.2286979029342857,6.42532395291274,54.086297934592544,2.356267634250862,17.8473899452585,79.41481672621602,4.641498992469469,35.44680008489864
2023-10-29T00:00:00,2,4.519847166609281,47.24384598679751,1.2806000128512514,5.8197171105804895,56.907999185714324,2.6183125051439196,17.427260458408128,81.53657790138834,4.345492910437879,34.754226262870944
2023-10-29T01:00:00,0,2.6168782686705745,45.09403218101133,1.1782394296973846,3.0348199731811976,56.30177899623619,2.571396674853124,11.897216172633946,70.24542521340497,4.49419152045793,27.24454605407231
2023-10-29T02:00:00,2,5.4030722833132,47.51953093406576,1.2464578087356237,6.205867235327689,54.90376514425042,2.3029570568068407,16.449645592053415,78.46737530370758,4.3191829023853066,33.174450898540584
2023-10-29T03:00:00,2,4.061925337036251,47.01747475546282,1.2649096565838422,5.957306400538814,54.28726776281962,2.6348583285435123,17.098522794123625,77.8835899649332,4.302834350939452,33.47157420809
2023-10-29T04:00:00,0,2.974006690836828,46.83336241590812,1.279265531554345,3.4649485436080716,55.023905259224364,2.4821610733445825,12.047281005354298,79.38180417517869,4.808102812687942,25.43757197922852
2023-10-29T05:00:00,1,3.6178490364040545,43.994387903485666,1.2912652488826108,4.962239591741126,53.61782129375506,2.6167028671378456,14.244460513383412,80.3660309242127,4.5442648748341945,31.183691242938437
2023-10-29T06:00:00,2,5.44656334000205,47.55841580042931,1.1152999913230963,5.602538135796645,56.95703892697246,2.647633208134142,15.80051590610296,73.09216600218708,4.412664600586991,35.9786578903542
2023-10-29T07:00:00,0,1.1619704571726548,43.2701421936923,1.199454393436558,2.319366753987607,56.169246079729824,2.664796710593877,10.409368000140123,70.69936423769411,4.924713122019523,23.481813340549405
2023-10-29T08:00:00,15,36.84537807525254,50.58917767840999,1.2995452083802868,41.02931999003427,63.96837260838699,2.690021080253504,57.162896134853234,90.7188287250829,4.658095234064546,141.88426077183755
2023-10-29T09:00:00,13,34.33408291698821,52.37841186735996,1.2891719391487775,37.9244749759146,63.81348704669961,2.3197328643367823,55.24328777643218,92.45558911801685,4.4179969599942694,134.65894750478495
2023-10-29T10:00:00,13,33.652325400857514,49.52282984148685,1.2935347939555994,38.59012028679994,60.86770940428925,2.541023326529232,53.61031701802895,90.98884579752225,5.039713776954321,130.9973266983075
2023-10-29T11:00:00,14,36.44357019911679,50.52649733169201,1.1202917780059183,39.658571017684835,65.33342578102554,2.3046755188093337,56.52996277821599,92.51079886719926,4.766384572290927,138.11397666542325
2023-10-29T12:00:00,11,32.38594097353982,48.73358014429686,1.183630342071273,34.75711244194292,62.631637168590096,2.3864707629349606,48.6503075439542,89.58479472351269,5.083372863394699,124.59132911713297
2023-10-29T13:00:00,11,31.822317865887197,51.5713103744371,1.226397033406479,34.98899123290411,60.265384981606225,2.616792167461665,48.01605125031071,88.30172605372243,4.715449547301874,123.00740487758017
2023-10-29T14:00:00,13,33.889255391598404,51.56439339042012,1.1950364222418757,38.091355113920926,65.71863223908662,2.342060665942113,53.19391028700849,87.21665257948769,4.318964860353134,131.22940017947025
2023-10-29T15:00:00,11,30.505313336672888,48.95722561464876,1.111935424309354,34.909744351616716,59.82622663490019,2.621222262835619,50.12528514881737,86.25170145662452,5.101937658849992,121.51210141793824
2023-10-29T16:00:00,10,30.76173506654829,50.37800269884768,1.201037240251193,33.17655280003351,60.387232300946835,2.3595390414469533,45.774715055587805,88.70094319629405,4.85017821193267,117.56098670150655
2023-10-29T17:00:00,15,37.05871556536677,54.22375951928622,1.1740799411115475,41.61762593590623,62.80085879465235,2.3007775787191513,57.499340423511555,88.22662642239506,4.857055322065983,142.8884446797899
2023-10-29T18:00:00,14,35.917244117915985,51.137436305624234,1.1185586798480682,41.37035393627649,63.90115262327115,2.4077546546103354,57.291847082725155,93.60678897620336,4.623629912011041,144.1919665679529
2023-10-29T19:00:00,11,32.39050519314246,48.67454221550202,1.1564709009590666,35.62307808157157,61.636704542718796,2.4965114459753726,50.36574335830381,83.57683821020125,5.170498177647293,127.22833791505407
2023-10-29T20:00:00,1,3.726103173950581,46.12150860626831,1.2862808262164411,3.8627576467828937,57.147766290252264,2.518892670273489,14.310508107775153,74.78895634259393,4.56888240412622,27.761824411203957
2023-10-29T21:00:00,1,2.736471162411936,46.31170206174507,1.1686073153553767,4.792758930003798,53.83592778383181,2.5864676448454014,13.71771206141138,72.28035475363903,5.084620388858351,29.404321192184955
2023-10-29T22:00:00,1,4.139988218153952,45.85353233633997,1.2490402739225603,4.889664413027187,55.05190096356426,2.682909277048837,13.373209632667344,80.35673800024915,4.759510475646012,29.00090947606578
2023-10-29T23:00:00,0,2.849546736727673,43.56746865275365,1.1071697676081165,2.5290134530175017,54.77925383068124,2.601640794281838,10.287991871545142,75.41857855748815,5.249775407451571,23.87724039718841
2023-10-30T00:00:00,1,2.648096619332067,44.87460677272928,1.17057002043917,4.002284969310955,53.3272932607673,2.480098494488539,14.944263256131563,79.43589997676371,4.893095745814567,30.49160256648636
2023-10-30T01:00:00,1,3.913274070634829,43.782305620021255,1.181836045929024,4.074285624436483,54.125886437544125,2.4328133521791298,15.190875665198519,77.33116303099533,5.261898713624876,28.518410777925684
2023-10-30T02:00:00,2,4.094093481804756,46.26587556984707,1.2824150253131967,6.808902720449116,54.181719044472594,2.3146487207027384,14.503438895708138,76.79834460440664,4.468012702190663,32.70140919021678
2023-10-30T03:00:00,2,4.6022248825021945,45.85121658996719,1.1741389627482892,6.184206870544252,56.019811213025186,2.3603954468979644,17.491271924475853,72.52710608809637,4.341960833263503,35.12199218077534
2023-10-30T04:00:00,1,2.528147499400103,43.53808706340514,1.2651866063318329,3.8186193112096096,57.26324765230578,2.4834690192537465,12.529074784697812,74.27055757616796,5.012249923223006,26.752385698504167
2023-10-30T05:00:00,1,3.205810264477447,47.29065091306569,1.1459806566397355,4.487298143368308,55.4738989743744,2.3135434467340152,13.270245034216217,79.2447118846858,4.59360363610199,26.289013907460937
2023-10-30T06:00:00,0,1.3576543885303072,43.50653237816,1.1996920955111243,2.1138990735107757,52.745544136855344,2.4892085409046087,12.045396581371154,70.05304908700178,4.327924881276301,23.912441356151504
2023-10-30T07:00:00,2,4.421381551253164,47.38126386197542,1.2419576581690353,6.401154096520769,54.42814932224009,2.5072161378743307,14.553819716867736,74.77674635544453,4.815884447085825,31.279290944870908
2023-10-30T08:00:00,15,36.54725840116337,54.228009232463116,1.1043322111455727,42.21820918073169,63.49615372877872,2.4278037453175543,58.460345783584344,92.59470918960396,5.092664537789305,145.91625318419372
2023-10-30T09:00:00,13,34.24192431122457,49.59481107791062,1.176416530297847,37.80139899636397,63.43259176508421,2.54294397177939,54.38186480570889,94.82004147624001,5.175235721771168,133.18017590769352
2023-10-30T10:00:00,14,36.60819209071755,50.61425164223448,1.1175694901878832,40.66020947155424,62.631744559878946,2.3003702491170923,57.45869636262395,96.3584770218869,4.35822303623134,139.9621380811235
2023-10-30T11:00:00,14,36.695636326725534,52.84794739296741,1.2604772403429996,41.25438182422856,62.559575602323996,2.4196871732963303,55.984028234322935,87.65316389966364,4.353159692008886,142.6424405417817
2023-10-30T12:00:00,15,36.6028799667925,51.45286056472333,1.287650753318681,42.31671980435243,65.44727680997947,2.4886722629425013,58.47973405861025,90.70083970593211,5.057096309055509,143.2998264686057
2023-10-30T13:00:00,15,36.99453100601043,54.021589892591436,1.1075396146910936,41.246654938553206,61.04581844338558,2.351241274751498,59.06238943005857,96.80221238992252,4.526310593120896,142.35422049722087
2023-10-30T14:00:00,14,35.64915059416311,50.883082150944986,1.2929605458667321,39.890714997752816,62.90631075521444,2.690335130854323,54.84353703699409,87.64329806885088,4.691909749396073,139.68848633430014
2023-10-30T15:00:00,12,33.436468095806134,52.69446975231954,1.1000214100095524,38.184328842583824,59.29098367666461,2.482423913686328,51.96132289357698,86.33580833154625,4.793076961829287,128.644744367612
2023-10-30T16:00:00,14,35.913686723613374,53.439808175848725,1.1726291517590497,39.469597400624075,66.15119693686525,2.3600523296280507,55.03350947377511,87.55374604254948,4.642570941393861,140.39376778039914
2023-10-30T17:00:00,11,31.117711363329466,49.25049617319738,1.272837642556642,36.39156742931094,59.027105242397305,2.4541706550129576,50.910397506147646,84.19931311845706,4.4208672812100165,123.54646898804268
2023-10-30T18:00:00,11,30.987068045260884,51.470220338352824,1.1477327058554019,36.49858892452724,61.95256214951433,2.6976423082192844,51.16848157805521,88.44912141674216,5.229726689823684,124.54426524281031
2023-10-30T19:00:00,10,30.489481853712405,48.39696734190991,1.1638489266335144,34.23894074539186,63.90314477345631,2.30937085285278,48.47493288634225,87.1047069922228,4.404633628900983,122.53854979828907
2023-10-30T20:00:00,1,4.409138650366415,46.40927810095857,1.200666831244311,3.8394819371472573,58.52027514972373,2.388050423358427,13.377324353848806,76.9508501743223,4.654140176660103,30.688689388084565
2023-10-30T21:00:00,1,4.2748391527008245,43.737510743529214,1.2398793925512719,4.997227911991153,53.42213641332456,2.4400982104074425,15.95084772686802,77.17496793663595,4.379474239471711,34.30140418472912
2023-10-30T22:00:00,2,5.893409104712546,46.02017521168182,1.2479572815725049,6.812187316429036,55.06664459166843,2.6205268507607777,18.26078243751364,80.63886403141674,5.102857980683469,40.14637211185508
2023-10-30T23:00:00,1,4.1365531762949335,46.39641292435097,1.1303129421915346,5.014154853070442,58.39401891731269,2.3110380532544954,13.187105815863738,74.00122020023069,5.228377471991529,27.656738302031606
