timestamp,production_units,m1_energy_kwh,m1_temp_c,m1_vibration_mms,m2_energy_kwh,m2_temp_c,m2_vibration_mms,m3_energy_kwh,m3_temp_c,m3_vibration_mms,total_energy_kwh
2023-10-01T00:00:00,0,1.5435020474308743,45.91211671375644,1.1179728291439277,2.7855095123993294,54.64164699027511,2.4740305634173785,2.4091279432723023,45.642053563016965,1.383041157679382,11.841575032936769
2023-10-01T01:00:00,2,4.752754545432458,44.58624882836847,1.1678550418882103,6.638602355788668,58.71657733315399,2.3495772402092108,5.229798797878868,47.13385392819861,1.2786179384601555,22.011104879661058
2023-10-01T02:00:00,2,4.623732305326377,45.48239239546882,1.242320525790111,5.873489032145885,55.18618445408535,2.5176145740954734,5.989835257584888,48.714955527897885,1.3169632096837633,23.145008235584726
2023-10-01T03:00:00,2,4.354132205836769,46.349385927599386,1.1602416097133195,6.099984716407571,58.04548507509213,2.645590382018047,4.675460284258103,47.64608996902751,1.3254159972379793,21.65044135046526
2023-10-01T04:00:00,2,5.9787215390661075,46.03934988199562,1.297399824733889,5.223497123214748,57.710226024187136,2.4559882423448225,5.673105787754389,48.27799227457311,1.261830876703094,24.679515349299443
2023-10-01T05:00:00,2,5.76717168200986,44.942987822594716,1.197605724791427,6.815061324460296,54.5136091153135,2.681509997693491,4.073654266359887,46.80746432023848,1.2224620799768897,21.418153382333394
2023-10-01T06:00:00,0,1.7012146843247538,44.57792094194517,1.148669589345412,2.500646452473829,56.66448964288679,2.679189584359708,1.179299077217043,47.154619524739246,1.2659982508909067,11.990809871004567
2023-10-01T07:00:00,2,5.46229675293777,44.84749525378926,1.1765072798241063,6.278104655149699,58.37925772965773,2.3640906062145555,4.551287247464268,46.491915419004386,1.2471485524237178,21.919773298016327
2023-10-01T08:00:00,15,36.54571695856747,53.143237633065155,1.1858991812610058,42.46635045806733,62.1829970216982,2.3722949122425314,38.29170414524818,52.97846724885812,1.3375407888902322,122.17477100225102
2023-10-01T09:00:00,10,29.130702982018292,48.8586409687562,1.1626057758084936,33.80244512229556,61.894880265410094,2.38611977196645,30.332788522842343,49.56838577161437,1.394968165715618,98.68801704861079
2023-10-01T10:00:00,15,37.79561640731563,51.26925115428544,1.1705515017684602,41.62412574648529,66.03920034088296,2.480134645194721,38.16892681943027,53.36873492768277,1.3100059507990038,122.20297248823839
2023-10-01T11:00:00,15,38.02152845796814,51.84165839949344,1.1333367232509637,42.48527613300108,62.89398512775832,2.3511740734902515,37.44268076652665,53.85115574067203,1.3144046684981079,125.09051722431202
2023-10-01T12:00:00,15,37.355372887037916,53.723064481041774,1.2091717621417204,41.20344201964806,62.01826637021714,2.5116009982882104,37.32207750062668,54.937315079205355,1.2577100498726173,121.12767100284881
2023-10-01T13:00:00,12,32.6286213784426,49.82010581320205,1.2971516823136506,36.2893065598989,61.50584018150741,2.4020703868613342,33.59219195867823,50.7777728371359,1.2766079907651366,109.14586324996574
2023-10-01T14:00:00,11,32.46454846041882,52.36170234209559,1.1532254346107227,35.243770929241364,61.99418460181831,2.3246671620100527,31.930645736044017,51.64754611306001,1.301411555479171,107.2972858772702
2023-10-01T15:00:00,11,32.012864640951065,50.01700671782542,1.2382079062912945,34.75395921141876,60.36411649563376,2.6223244264604566,31.399602363794255,52.15531231793387,1.2129359478217168,103.25253676693958
2023-10-01T16:00:00,15,38.42756535545727,51.50193917255344,1.295353589076855,42.55925113980754,63.597329374557894,2.6960137013062324,38.18316681925248,53.07033940074185,1.2874974299794022,126.254865880625
2023-10-01T17:00:00,14,36.11130161344476,52.14001737457684,1.2505876483693887,40.793198280128344,61.66498904925182,2.691256250915488,36.21782647132258,54.84072421922236,1.3499398962127485,120.95338411091257
2023-10-01T18:00:00,13,33.689960767375595,51.05537104749752,1.19064806948097,38.3174016262917,63.36742822916751,2.5497260825037165,33.6986087674574,50.641726342963835,1.2593153398183308,112.29446630889376
2023-10-01T19:00:00,12,33.52168069536792,49.211860582842974,1.1153646038469718,37.25631189370978,60.92100915679791,2.387442852221494,32.77791082466382,51.767466372684126,1.3549657398619557,110.05295179527016
2023-10-01T20:00:00,2,4.620149350591394,45.483876498112636,1.2820163901211252,6.478911042388834,54.383571103826895,2.3225886204553903,5.563089163596705,46.11468527833272,1.390923712094595,23.948890463443917
2023-10-01T21:00:00,2,4.6702747012465595,46.47845374919623,1.2469261876725732,7.1888225376425225,55.09165540611255,2.549320209108539,5.9292712095950755,48.562502548028164,1.2241364918048108,24.592242024972634
2023-10-01T22:00:00,0,2.9268706326211564,43.5288092554271,1.2210631848291469,2.696997500580479,54.453095888789136,2.363199258219042,1.0197072959472433,45.87484702129696,1.3373398466308704,12.663197573317255
2023-10-01T23:00:00,0,1.4519985970947884,46.490929446128206,1.1256365006151081,3.576965692076195,56.0134330603896,2.4106773427136843,2.726593708001606,47.150676227386505,1.2117537397198646,15.272332625205621
2023-10-02T00:00:00,1,4.106017599646045,47.43738415587707,1.1228406800969215,4.343607877463187,58.5672002861978,2.543344248411506,2.7526101376918755,48.31404596576246,1.2425375982222768,15.30068621455448
2023-10-02T01:00:00,2,4.241195775007075,47.41489234360414,1.2344125957646657,6.82240660884917,58.3993601938235,2.362792295021264,5.939651396562264,46.802119938057565,1.2869305914243265,24.541849494016304
2023-10-02T02:00:00,1,2.5080475092909458,47.135980404964826,1.1102381593391522,4.156770296974239,53.63077388636955,2.6892493579027628,3.514551068304013,46.44102131440237,1.2545396555061465,17.338109403389687
2023-10-02T03:00:00,0,2.0265895774578544,46.84489136623826,1.1828438646584223,3.824996029301289,56.312724719756645,2.4288474842433185,1.2620138156494254,45.80604040413999,1.3572329139867003,12.414522423961827
2023-10-02T04:00:00,1,2.844867255815158,45.221099646459656,1.1049527115827626,5.08461547900548,57.45733101200464,2.681339603036951,3.5583548281326416,46.64310362288068,1.3579392347100459,17.068967966473526
2023-10-02T05:00:00,1,4.417050409806357,46.778656114199386,1.1190848931655493,3.6881311845781375,58.344600454250745,2.6858767169181754,3.451526067715503,46.01806937788683,1.2228120071689574,19.05714578696739
2023-10-02T06:00:00,1,3.5510826329773035,44.34693568813139,1.1666981228558062,5.156653591449226,53.23347798311424,2.6932321048586476,3.851370237824054,48.280422793607855,1.2366242382752002,19.919290718415052
2023-10-02T07:00:00,1,3.5360551981400477,44.51973597011472,1.2308581479572303,4.013808449618551,55.21112787017131,2.6745326907942975,3.142546603925025,47.966325233371336,1.2277406531738477,15.099878277018133
2023-10-02T08:00:00,14,35.858118222542174,53.57661228489012,1.134273286340647,41.12244051750358,64.92924814815802,2.453755091438235,36.49054851524299,54.53374167141016,1.3824723198447124,120.83054297482529
2023-10-02T09:00:00,15,37.06126879635057,51.44607867069369,1.1851119451525938,41.40843873564813,62.99602752950246,2.6690346843714923,37.213905931099106,52.06285747449119,1.376865360102723,123.13130264159093
2023-10-02T10:00:00,15,37.01680536429338,50.6739060892711,1.243229286887534,41.64755069569165,65.1549844887759,2.464489767839533,36.50317377347519,52.45623600509942,1.2163091313791834,122.38060864329131
2023-10-02T11:00:00,10,29.29182229037336,50.122133049985806,1.2149300580536717,34.04227994006652,61.09145120996946,2.5050527252642594,30.148216656108694,51.38328299959727,1.3306647242713425,98.13089071998706
2023-10-02T12:00:00,14,35.249726579976056,53.55194650496881,1.2351624471159042,40.68787911463646,63.40278099701892,2.625760294640991,35.2167375745052,53.03212239289594,1.2076404327926207,115.83219303076292
2023-10-02T13:00:00,12,33.7351757352762,52.274859516921715,1.2163436474640321,36.27464004227603,59.82805654803903,2.6652458140144373,33.03781082863285,53.97888794720607,1.2723946490445446,108.41580178697858
2023-10-02T14:00:00,15,36.508254859196256,54.39794871671348,1.209619158166625,41.090464708758034,65.2275083222286,2.6238099213100314,37.02768298231553,52.545241767661196,1.2531358808753097,121.23056811273194
2023-10-02T15:00:00,10,30.543955863172446,49.10452684930689,1.276846878161155,34.74839287836615,62.95367233954186,2.3077222166467,30.00272432647654,49.62239249353126,1.2970669270379358,99.50567253555356
2023-10-02T16:00:00,13,33.764936856227166,51.54635605728739,1.2327146478177666,39.09749510248237,61.665955551121876,2.6399449731167204,34.73400594310215,50.54034845116699,1.2971542307893646,111.63968552321356
2023-10-02T17:00:00,11,32.468857562369095,50.06884822886384,1.2451259826647338,36.51019620379185,62.286682078183105,2.4305263404642923,31.465996178728112,49.90483905383911,1.2270752092603365,107.85900207969512
2023-10-02T18:00:00,11,32.310186761256816,50.232615861244376,1.2157218897571511,34.71918280581623,60.75666541254316,2.6515973550152356,31.02135395369377,51.24098461451184,1.3128124966620576,104.58652964289843
2023-10-02T19:00:00,12,32.014523645971074,52.43636443975699,1.2090800470773184,36.93950410910922,61.79151693362543,2.430809976039298,32.73830062546654,50.57025080851141,1.3142045790501442,106.97105682636301
2023-10-02T20:00:00,2,4.675078821641623,45.64028355544665,1.2517411499694202,6.826003287572931,58.12981340145804,2.362584158941085,5.926400481454543,47.74182936936251,1.2730344432018015,23.842994270932664
2023-10-02T21:00:00,2,4.734986066182714,47.34692325724565,1.172737178517835,6.804312983996245,58.642503138836304,2.3840222887367615,4.46703554657059,46.71163506543888,1.332258006766135,23.96016418845752
2023-10-02T22:00:00,0,1.0282864084784318,44.61852687922235,1.205846621089113,3.8284531222496816,57.324721392812464,2.3141006411284537,2.0266484960501945,47.71342403191393,1.222696146500073,12.54776160729718
2023-10-02T23:00:00,2,4.176898379310391,44.753101170815924,1.1101443705382048,6.806220667062415,54.53438645769905,2.4882583830506815,4.216490802377374,47.03579121927649,1.239615250185564,20.23209987013012
2023-10-03T00:00:00,1,3.845982866364446,45.09340320854259,1.1800405615209646,4.962438106302306,55.17238530850579,2.5416808484626396,3.0462463003778595,47.14356110356645,1.2427887667939017,17.299300861498885
2023-10-03T01:00:00,2,5.372098357250447,44.857874115345446,1.1832037271954938,6.713296314557864,57.72359320077941,2.499124185780148,5.570145836084512,48.212704935674076,1.3570282869311214,24.645820293169535
2023-10-03T02:00:00,1,2.915570241166953,46.893075355037695,1.2989686516165304,4.0731939297293085,55.729035800149504,2.3473423943213816,3.8148718768327567,48.083152954936224,1.2128886502982206,17.609007368330808
2023-10-03T03:00:00,1,3.6718826089518917,43.96338094556888,1.1607693027482737,4.61223900543677,55.81164575134143,2.3240089641925126,3.538266789227051,47.49176122406944,1.2707873872378923,19.352745901053833
2023-10-03T04:00:00,2,4.715554958844232,46.72575124578241,1.1770236259069546,6.593711613377138,53.25857893740992,2.438847250501655,5.874440099790227,45.812192258778104,1.2775739159730184,21.683938349465873
2023-10-03T05:00:00,1,3.4373967104156296,43.97955856105239,1.2257789725446218,4.565801218592239,54.91533922611172,2.334326664528282,3.9000745360903473,45.55894591255386,1.3923634579705924,19.218786111694634
2023-10-03T06:00:00,0,2.991447637276737,44.80553462922602,1.2133101968454896,3.3509008070750066,57.532766683838766,2.5288582134299085,1.0261807453951657,45.48470890657666,1.2316819964654668,12.893804640202909
2023-10-03T07:00:00,0,2.768882761943938,43.30964398153648,1.2250989518080917,3.7104891862398515,54.45481793997198,2.40188937311951,2.2694262524020044,44.02167701116258,1.2491500499504016,13.99052427525233
2023-10-03T08:00:00,12,32.36933919581254,52.15008192792069,1.1735290351631273,38.04980391958186,63.37326490343419,2.477229045956512,33.60897766145287,51.52077907778495,1.3775199816470145,109.16876822472017
2023-10-03T09:00:00,10,29.113312848452935,49.05906188982179,1.1438320340589614,33.1791987043749,58.50755837405963,2.4500590950535654,29.481637620709083,49.908520283169246,1.305528181233762,96.51518197292137
2023-10-03T10:00:00,11,32.19094547603496,49.545319573712476,1.2445060229737122,34.96153691365275,61.88262234915711,2.452941603115278,31.541569051646427,52.401457394561824,1.3895918965649452,104.19979139125167
2023-10-03T11:00:00,13,34.515500796931946,51.26888490724881,1.2055596424596307,39.227752307901525,61.83475591279713,2.333128829382879,35.181907668697924,54.49754694111892,1.205432262995727,114.46897846177403
2023-10-03T12:00:00,10,29.508484536710032,48.45411818391715,1.197915962406494,33.997701698935174,60.93092057935908,2.468598621692171,30.525221868916475,50.86301824570573,1.320103904538211,101.58366261659286
2023-10-03T13:00:00,11,32.31241272377622,52.46238863699217,1.1022386575933236,35.69297295459054,62.60897049517517,2.357675768603563,31.543516051880907,51.49704116427796,1.2584987512382746,107.40154362115665
2023-10-03T14:00:00,11,32.102245444139285,48.66995885821091,1.226900468333297,36.53136742093686,61.23632861011894,2.4755367223394895,31.18131285347508,53.137916653318044,1.3579961145618156,106.30600652539454
2023-10-03T15:00:00,12,32.21453817017969,51.81875774683114,1.160891492835461,37.375964112581244,61.358733842724604,2.6696597174541896,33.773529169665444,52.712098414708144,1.225954308481748,109.16848552410082
2023-10-03T16:00:00,14,36.89371748834078,52.62352653638246,1.2690591742493305,40.440647019328516,62.187869894314616,2.621869789707784,35.96075113643635,51.901982427212225,1.361260073247264,119.42221948590569
2023-10-03T17:00:00,11,31.784738599800978,50.32854875162408,1.2056973213551339,35.340501038245684,59.56441577833489,2.3133681890778983,31.515197861507595,49.88312040603809,1.3974623286494432,105.62665974946748
2023-10-03T18:00:00,15,38.03812031849925,52.4431924430658,1.2553293615980459,41.01652410508829,64.14142225363581,2.579382278105154,37.68533127721105,55.44921765722912,1.226263853753149,123.73101584656898
2023-10-03T19:00:00,12,33.97563903383292,51.842806508981745,1.2250178184551748,36.42369288502934,59.53938598897807,2.5838852240457815,33.59505219501661,50.66807505555531,1.2346744725345564,108.21500953423916
2023-10-03T20:00:00,2,4.6902768844744465,46.80885248525666,1.1153812349649042,5.464649853461038,58.43680092995493,2.335302880616317,5.022334460720828,48.174616940521226,1.3204911823272072,21.37899892507501
2023-10-03T21:00:00,0,1.6928880567717255,45.61324741929558,1.1905984197253672,3.848171521764135,52.333518485137894,2.5648014219548427,1.0706317626775343,44.31345779771586,1.275675023279569,11.882370672649849
2023-10-03T22:00:00,0,2.684044183281303,45.95158368160349,1.17839583414464,3.2249661393492994,52.5199979581762,2.549397147989321,1.211948273907583,45.65685203127264,1.306251694406319,12.884206642106573
2023-10-03T23:00:00,0,1.7860006066849428,44.459832837406914,1.27567717072268,3.105042106051001,55.381703725227396,2.66718461582758,2.965466431688367,46.460066898090986,1.2444297858781337,12.186785497276784
2023-10-04T00:00:00,0,1.3959918522141508,45.94600329950461,1.2575297747528655,2.6181591228347316,55.8767965012524,2.473911232536581,1.093480875566438,47.722173813045664,1.2870327655223066,12.175325310896037
2023-10-04T01:00:00,2,5.558580719497651,44.658366019499596,1.2974613961181882,6.6275568611169025,58.006279879307876,2.6511022301517793,4.395841779079096,45.185164648208946,1.2803717296000054,23.522322226766946
2023-10-04T02:00:00,0,1.4286890388863736,45.99273376875119,1.2036862600647016,2.3176384557805676,55.68661740386981,2.658511416383059,1.0845239516586103,45.84265239383933,1.2158873312110106,10.934268927279744
2023-10-04T03:00:00,2,4.708240023123498,44.06568831751236,1.2091672170834384,5.945984766091756,57.98599178260927,2.6823983116221903,4.734692048489947,48.73732460391717,1.3412805023669896,19.94200942795418
2023-10-04T04:00:00,0,2.6492162789533995,43.696799419273155,1.1682282078048265,3.538052283268142,56.37956942115471,2.4129940225963704,2.5645181870808074,46.17586379602687,1.3736977416172718,15.951349110662619
2023-10-04T05:00:00,2,5.832831097112914,44.813963172228505,1.10108815394958,6.967342181489503,57.59742188334976,2.695980652412321,5.209398804422845,46.400804774127636,1.2435545122387344,23.48046465070457
2023-10-04T06:00:00,0,1.8956926826395002,45.71889168527274,1.130982161891421,2.486674885135649,53.52842529207051,2.465048965090114,2.845910368798979,47.22628478588106,1.3249447494605575,13.237714270668722
2023-10-04T07:00:00,0,2.614051819987015,45.25399146721237,1.1039625855408823,3.0299646400992017,53.38832177838199,2.64218438214569,2.927720651025757,47.62371113981865,1.283740302942391,13.80869524521624
2023-10-04T08:00:00,10,30.18707018298182,49.23889190515515,1.2582461843227053,34.008882359585215,62.98590341560194,2.6569044922912806,29.34742977204,49.64966632627775,1.2625961089650533,99.25424497885122
2023-10-04T09:00:00,15,37.58555789580229,51.309462037924995,1.2916919059139342,42.61019337577132,65.36523283343617,2.520377572616494,36.95390938853744,54.774037963310306,1.2044573395942169,121.76540645219089
2023-10-04T10:00:00,15,36.64559178521068,52.77954706581267,1.2361849594241232,42.85924414773169,62.91924685410883,2.3273749648444637,38.10401593203485,54.766846085423104,1.247391383442522,123.23061138791012
2023-10-04T11:00:00,14,36.252500078557084,53.4403260523468,1.2014256042890783,39.666038025976114,65.61092306746845,2.4037796235606668,35.12023492102415,52.928056199350074,1.2852422149646032,118.67887580729226
2023-10-04T12:00:00,12,33.444072085177545,49.011213713906095,1.2185791092317741,37.58227936491877,59.327736470926425,2.5092922991995783,33.7532527889649,50.029053566116204,1.3600959383325943,111.81326710057594
2023-10-04T13:00:00,14,36.26933814437525,50.87524113715286,1.1337888202074686,39.95404982359918,62.74690321078575,2.471384427149011,35.00791156416287,52.158009522918945,1.3736823656208275,116.51804661698782
2023-10-04T14:00:00,13,34.63883582069627,50.25351576391618,1.1371329565978336,38.14503479401879,60.621535330289966,2.3412053119844907,34.713585435063344,51.56295301727116,1.2412305569883975,114.90934425073988
2023-10-04T15:00:00,12,33.43131241980158,52.920319165875156,1.116223687589545,38.17079775067744,62.145632782750354,2.443676971290254,32.82330861831164,53.530689140541384,1.3513240851161223,109.62943449253423
2023-10-04T16:00:00,12,32.28038989140559,49.96893568354683,1.245284572546324,37.66915275306074,63.200949097814544,2.6050345264316412,33.54413891084899,50.57635865401475,1.3105161635081053,108.44957556214403
2023-10-04T17:00:00,15,37.38714836447842,50.80145524845644,1.236462895794852,42.02159997132611,62.30709926949854,2.5886056835760796,37.69285025938194,55.28210786596589,1.2708758544897036,121.71078325271912
2023-10-04T18:00:00,11,30.879024782007516,52.17551220756434,1.168272341750579,34.89452202837213,60.906646970275844,2.3396509700074044,32.47180536683443,52.67825382700648,1.3094165063776055,106.07269898299633
2023-10-04T19:00:00,15,37.60936012502941,52.800007583499244,1.2873580716006623,41.14516453796499,65.64147771707096,2.634429600405225,37.227526260439774,54.251423908610704,1.2635796432911788,122.7746015817236
2023-10-04T20:00:00,0,2.520948949545083,46.613166950099306,1.14122025391085,3.4023321040504038,53.362490622340566,2.405361523241516,2.0333694908464732,44.102425303825505,1.3774171126842534,12.206366982246543
2023-10-04T21:00:00,1,2.9394250849462025,45.127429140113406,1.2329818490569164,5.4217601137828275,52.850784699568045,2.484293054615201,3.8506979361291886,45.81196622931708,1.271108871711745,18.034669323866442
2023-10-04T22:00:00,0,1.1188962742134592,43.04992984000924,1.1230859646680453,2.7094558937504987,55.15927666674043,2.6303764162766936,1.7403619566994855,47.119665477155124,1.3353894886367421,12.082753824805279
2023-10-04T23:00:00,2,5.738199378166434,44.13964595873211,1.1144968610709707,5.205361496744287,55.609428041403454,2.65502633505826,4.278898910792654,45.56709646578322,1.3237657920882735,23.136794859192158
2023-10-05T00:00:00,2,4.424240378375304,44.0734670256361,1.278968494437742,5.909415006226862,53.469719603493644,2.523406087680887,4.51462337692751,47.58801685070528,1.3706933819841924,21.42580491378117
2023-10-05T01:00:00,1,2.5592450869348564,45.839265749477796,1.1633688117486258,4.345112801141499,58.05787103717028,2.4605778565711796,4.425551281723724,45.42506465075186,1.24473222003474,17.998396765398645
2023-10-05T02:00:00,0,2.936561408013187,43.356302588821876,1.1521978858481103,2.5003114659724606,54.75629048469847,2.603663293670375,1.4488968216505802,46.84529906514723,1.249621463083427,13.154235819536593
2023-10-05T03:00:00,1,3.1082139207834416,45.06729125941993,1.1594038146441628,5.2035592651456675,56.41922918347307,2.335906995138601,3.387775432066511,47.870235190999864,1.2709645416603648,16.65692594162437
2023-10-05T04:00:00,2,5.622504676776853,45.7104732044757,1.1774214147634345,6.137093610781679,55.30596519408595,2.3604732391230963,5.471210094705215,45.75209664445388,1.2659459857087647,23.301147457169506
2023-10-05T05:00:00,2,5.543188001313361,47.35105726675298,1.1876318471738896,5.607119090544763,54.343059710944985,2.3286395798663975,5.666414424062507,48.778294109222564,1.2148378335537826,21.192082653683364
2023-10-05T06:00:00,1,3.6748784375483803,47.04596410418883,1.2297344632404013,5.114334918923129,55.43536008991205,2.653954249914694,3.9159244118310212,47.09843854142327,1.3762382879567014,19.60710438114167
2023-10-05T07:00:00,1,3.533802467390821,45.865189852531685,1.1302978828389636,3.94463134450931,53.51012958797103,2.645393022749946,3.308790996600952,45.70495951797676,1.3197563155642595,16.16942975176785
2023-10-05T08:00:00,12,33.013328251546014,50.84297615370195,1.1251488423885627,36.7013514835721,61.80038587768429,2.3229611503421363,33.25827039755776,51.80021217024975,1.3134286947671063,110.62076264783052
2023-10-05T09:00:00,13,35.226354335211504,49.69824646316119,1.1920258813839528,38.57875608024436,64.81022027811368,2.6632713742965866,33.94558527649963,54.294662244298394,1.3060867445330493,114.49771598609959
2023-10-05T10:00:00,11,32.08449668701919,49.574567108519865,1.1547066133300734,35.58790690368724,61.5847766511973,2.5741200964188913,30.563392353174585,49.8679800915281,1.2528523302599675,105.2338231642812
2023-10-05T11:00:00,11,30.543710760745277,50.190921642829714,1.1671610856721253,34.68733775278482,64.54609737809099,2.575693000842456,32.074237460209375,50.4705223485358,1.3815512443349203,103.95049755222188
2023-10-05T12:00:00,15,37.18216734717143,52.60019686339666,1.2018848060996288,41.482295595215874,63.78920992005932,2.4605818963168105,37.46145385450965,52.19575344763172,1.280652161360011,120.29055183567984
2023-10-05T13:00:00,12,32.212840708643995,50.77043166004446,1.1337845922979448,37.565098156217225,62.97713847136819,2.3580272782099456,33.77065714528254,53.138657364525415,1.2446205972596232,109.30472764213152
2023-10-05T14:00:00,11,31.148066933496402,48.56340235396112,1.2113279232404623,36.425297831855225,58.72115573275975,2.545113882133243,31.98888453377424,50.25994123742116,1.2221687625456172,104.04627847725848
2023-10-05T15:00:00,14,36.41741523851111,50.74225299681834,1.279749650751236,39.69942261930391,60.70339998325141,2.383638415559463,35.73884118652205,54.61898411069674,1.3318426980191265,117.64267324176473
2023-10-05T16:00:00,13,34.421049917283625,51.42871069309014,1.1228851273569376,38.074733984116065,61.05302575908022,2.3237613775086654,34.12921982534694,50.53816187672664,1.228556991687795,110.96363620100371
2023-10-05T17:00:00,10,29.48522090637543,50.042677457786354,1.2731353320570569,33.496361351424966,63.19925087883421,2.3929814840539976,30.81205991190309,49.40552455136862,1.3775278552409662,98.39816883502128
2023-10-05T18:00:00,15,36.694844928926784,53.61011996533464,1.2825306367954528,41.5787123583806,64.70208729873164,2.4405148759558224,37.545212047559154,52.81402664972047,1.2919568731233346,119.96557669879168
2023-10-05T19:00:00,10,30.119133554221087,51.259960329386715,1.2404856018392292,34.086657088089034,62.08037199767958,2.3947754443488787,30.461538910590594,50.661946569981104,1.3628430150232262,100.40439700051282
2023-10-05T20:00:00,1,3.7693557692077655,46.2117729607038,1.225645244444382,4.9819846309417075,57.451294212095476,2.5598197621220478,2.553091568057189,47.46548366804138,1.3216736662695745,15.848778090730153
2023-10-05T21:00:00,2,5.984854260447436,47.89587416490815,1.125794332974639,6.190578796869727,55.82373347578045,2.3631654014306016,4.5247428735310145,46.68913323910144,1.2250267942395843,24.127332066604353
2023-10-05T22:00:00,1,3.1275873732799284,44.69162396676166,1.251986221810681,3.6836832097353724,54.12909842326588,2.5181742795659643,4.3899634913079835,47.34033528374203,1.2399543931999002,15.314138524416531
2023-10-05T23:00:00,0,2.187100127941788,43.45396443979888,1.1134929741004926,3.058582670276352,55.39711167222992,2.630444600770019,1.4662869881863914,47.40455254313851,1.2181456412599299,12.122783339739026
2023-10-06T00:00:00,0,1.7807344737223854,43.69128568126278,1.2623737652082707,2.6931747117768285,57.9680131968939,2.3364252497843983,2.908026502926167,46.74358830771556,1.3052528854274974,13.644131544664077
2023-10-06T01:00:00,1,2.5235525035261324,46.681086118671466,1.194754031889193,4.38166311466766,55.60872673467358,2.5119680327682428,3.7720045128805935,46.333176914258004,1.313652901703656,18.668502292990034
2023-10-06T02:00:00,1,4.37356203477238,45.768624566951324,1.163576341560251,5.220656309978096,54.949999625346216,2.373952896334237,2.6490422308978827,47.74551428926039,1.3758416587856643,20.159916799637756
2023-10-06T03:00:00,1,2.950617828038171,45.52289002720675,1.2603440552462304,5.3274369496359615,55.77651520332792,2.3908003816138956,3.322694406629908,48.348463991995104,1.2160881262138026,16.29733203912783
2023-10-06T04:00:00,2,4.854482417018188,46.6463277905138,1.217762909533209,6.972709715029767,55.277848179940676,2.495954033639812,4.5587804424117175,45.26310686647369,1.370934444159053,20.799598978070723
2023-10-06T05:00:00,0,2.3476412649294325,44.89173273529543,1.2712631054766346,3.6161024090866283,52.04939834150717,2.488925419939721,2.0967207860492802,45.852519066892334,1.2462350414403474,14.54218411531101
2023-10-06T06:00:00,2,4.561155262775197,45.561307558271174,1.1555271890790055,6.534898202447176,53.2434553743054,2.5114880588093955,5.898136192020452,48.94318560999701,1.3013537424256474,23.96713924151609
2023-10-06T07:00:00,1,2.9697746193787333,46.955363679566126,1.199168582676657,4.640706503370513,56.46553353516368,2.394039423240189,4.005663460107972,46.81244027553072,1.2201794509515898,17.02697031811145
2023-10-06T08:00:00,11,30.554422301094874,49.92031560835796,1.169588797760845,36.26180355578598,63.70007288488319,2.353180787204998,31.902406039287193,51.11962637187259,1.3900685397541956,105.43775845719956
2023-10-06T09:00:00,12,32.5479959527702,49.00831462183155,1.2941133692280165,37.82128819649925,64.10762841509052,2.4007997105724095,33.08030772371541,53.77452381263505,1.2167027776516688,111.30690471685492
2023-10-06T10:00:00,15,37.20306426098533,52.931298372538194,1.1427227438259608,42.69690672374381,61.2163504056799,2.6571372823778625,37.24318095718494,53.46199963997391,1.2405242245444619,122.87366338913142
2023-10-06T11:00:00,15,38.33071225801109,50.974956502303456,1.1424342061085666,41.32377081520987,62.80789224291293,2.3401799955868983,36.68608838410036,52.52337356514269,1.2817525831399297,122.36987682416375
2023-10-06T12:00:00,11,31.431346029067463,50.01531549990851,1.1588467067434995,34.7635548670213,63.700468159762245,2.5995882360654465,30.925275316739736,52.077133500446195,1.3227257733821132,103.26495510678143
2023-10-06T13:00:00,14,36.409486944260124,53.80869873305958,1.1640674675014786,39.5808760356589,61.350347556158226,2.3020554644833444,36.26246862711312,54.88698868426205,1.302878806704132,118.15007403460685
2023-10-06T14:00:00,13,35.42008460635679,52.6727608788087,1.196414834822936,39.70079470585761,65.02099752438178,2.679912120407088,34.81583876595236,52.09057454558086,1.2454775766255404,117.12908024135511
2023-10-06T15:00:00,15,38.03462405916469,51.03186718611449,1.2718087253339088,41.36771745989226,62.238134811602684,2.4598565455384143,37.19702128594545,52.99184890756656,1.346420374480907,121.70766445422203
2023-10-06T16:00:00,15,38.04280237925041,51.91769888526033,1.2509836986001126,41.45290405641549,61.878729406733136,2.680231569398534,36.647284622156306,52.098960345780625,1.3831770899527178,121.43172362664619
2023-10-06T17:00:00,14,35.53587985631941,52.74746884863577,1.1058197323637167,40.111055890564245,65.78305601352932,2.640950957864657,35.95294481952542,54.42201454768639,1.2887765375043951,116.27638157769461
2023-10-06T18:00:00,11,31.382168529037287,48.84700843920187,1.1886114905217309,35.057259418290016,60.93452194923775,2.320004082973151,32.237279428697285,51.947955025028854,1.2450501279937145,105.92207202265058
2023-10-06T19:00:00,10,30.672195401810114,50.3845904945071,1.270537679026578,33.583011161097765,59.1230604854687,2.498504380966768,29.87642819047703,52.6888848802894,1.205185579546405,100.2729939367842
2023-10-06T20:00:00,1,2.6288758014062035,45.439992357363856,1.1377148281743676,4.412279187232855,56.514877991602646,2.62110793101624,2.887180668821964,45.71239678207073,1.328002253452765,15.423729459979354
2023-10-06T21:00:00,0,1.7957010519187389,43.01919911113878,1.1876041225495342,3.0591331321344724,55.682750339821936,2.43456396739207,2.3480855110745016,46.760118139894665,1.297918280369927,11.702224644352006
2023-10-06T22:00:00,0,1.3703791610934644,44.18737567491002,1.142159471460125,2.6457173722089022,57.66910376841164,2.392658813151143,2.3846421845872268,44.80689692652204,1.38847598572901,12.51457190005865
2023-10-06T23:00:00,2,4.4712785280296075,44.150659505294406,1.2064462033149668,7.1092713328840444,55.43166442218286,2.6357630136050756,5.309847824107876,45.07747319637011,1.2217282077259894,22.81936478099128
2023-10-07T00:00:00,2,5.30088185106878,45.43111901932693,1.1719983110505308,7.080837480369117,57.26039998237927,2.430216969174354,5.615708741510622,47.02594011012307,1.3543906511683996,24.6867588084895
2023-10-07T01:00:00,0,2.9556337202038145,43.325264742291616,1.1117567086607871,2.733495723035933,56.40961386110586,2.620126613744247,2.511005832959314,44.461477188811536,1.3759687704158243,14.692131226700695
2023-10-07T02:00:00,2,4.160919808707433,44.77649027960638,1.175292175082189,5.241987733107177,55.535574160762984,2.5642813594737657,5.639692395597024,45.18526810937057,1.276240168976173,22.73053810368161
2023-10-07T03:00:00,0,2.2384970704328992,44.17630383127484,1.197845845847915,2.2783591540609636,52.89103949366048,2.48127011937282,2.0298046855782634,46.79128257072791,1.274042082354133,12.201909738050459
2023-10-07T04:00:00,0,1.6486953373917974,45.827535298933114,1.1333984447724377,2.119566470981169,56.451899395645896,2.382781510177979,1.9428328417689642,45.192833676167616,1.2019138956104345,13.032371573713537
2023-10-07T05:00:00,0,1.0263216325158413,44.73472576893162,1.242040889453735,2.7935877103323437,52.18746089326531,2.6147454598515516,1.0060020226261477,46.59105739695921,1.3468736053469945,12.27835824558299
2023-10-07T06:00:00,1,3.7400369800254447,46.94254632595987,1.2852542455827975,5.500241697158424,54.871492444117074,2.483951670994259,3.767265271058136,45.89382781007423,1.2044787776564838,20.731482617563046
2023-10-07T07:00:00,0,2.862067604397054,43.92530993057222,1.198046325244832,2.0452516744963636,57.314724792130676,2.5866695410264002,2.756739662821551,45.68755955304716,1.241055203057897,13.836395033419526
2023-10-07T08:00:00,13,35.43476003507136,52.778807136496816,1.1694685298040042,37.89639888685905,63.912627885019994,2.502285314563564,35.049121794937236,51.50165118559227,1.2362249551392974,112.42676689229641
2023-10-07T09:00:00,14,36.9017727542853,52.029966858598556,1.236099737274202,40.45521579346591,60.94067295426181,2.592763505769188,36.72167244349993,51.699682027447125,1.2631531746432816,119.84675152665565
2023-10-07T10:00:00,10,29.267084440870356,49.19878759796802,1.1780875657835665,34.09178705769554,58.29605474159368,2.5709455317816516,30.242146057085407,52.63502144587322,1.356162207743991,99.66251541903367
2023-10-07T11:00:00,14,36.808981347762,52.08006606550964,1.2486961962656553,41.188546889032914,64.48696993611344,2.3676822817154135,35.71933532108602,52.86884949577959,1.3785821580558086,120.30246277515413
2023-10-07T12:00:00,10,29.935685960376887,49.10079649746398,1.2568498046644065,33.64802883890001,63.720543929353234,2.6832431086948336,29.57492813742619,52.40416982642865,1.2235230965871493,99.98563742564602
2023-10-07T13:00:00,13,34.08817422938476,51.85198703994039,1.1828624668777756,38.5507428322631,63.349904332837866,2.610317214959768,34.035654421561496,53.72259929154265,1.2654381507408814,111.73337526970509
2023-10-07T14:00:00,14,35.87947118398026,50.72133468018892,1.1456965790577567,40.082595180510076,63.85973616549203,2.4685905562197403,35.1752740942932,51.48529566116418,1.3217097708415528,119.04088801628112
2023-10-07T15:00:00,13,34.655240149295366,51.47743455985912,1.2102492213982032,38.885569828567554,60.33931705604535,2.321275016029545,33.8901974395828,52.89296594307773,1.2683271094169044,112.0254029217863
2023-10-07T16:00:00,14,35.07482186782562,50.33652309547344,1.128077374255712,40.47182462316832,64.99907093293196,2.536746990352462,36.83168291335404,54.7632196571445,1.3525846459713504,119.77135315860941
2023-10-07T17:00:00,13,34.651809740935136,51.21632550948728,1.1284826349234391,38.0184516322373,63.39135204671697,2.6828839590753666,34.37551501273776,51.118806534597795,1.2579000651400756,113.14510932845474
2023-10-07T18:00:00,15,38.40731696680613,53.431517707303556,1.2966314452184355,41.5654396918935,61.79832594543074,2.532085677439176,38.211343779813454,52.094777579718034,1.3827037593820912,124.5293818976517
2023-10-07T19:00:00,11,32.014068358604234,51.24352554752879,1.2489939683053952,35.4382212261242,64.19788630195944,2.6544390384203496,32.442788972160955,50.940582479447166,1.30674570889417,107.81937145950327
2023-10-07T20:00:00,0,2.9122991536739544,44.722424438737896,1.2670970581555168,3.110834286972154,55.286013313779065,2.3377823641773743,2.746927433792881,46.84866715156631,1.301733183247289,13.13291475999734
2023-10-07T21:00:00,2,4.783749525500034,44.902847314849396,1.1736402247658089,7.1613586048439535,58.475477202547545,2.407070695965917,5.271178718967026,48.98662378514644,1.3818112298292544,23.781711635906774
2023-10-07T22:00:00,2,4.085829433181584,45.06695072346138,1.1681679059583925,6.134700036185623,58.387767404130514,2.6275343345365254,4.723754016539004,48.20796020473463,1.2979357459085377,21.737350308710695
2023-10-07T23:00:00,1,2.8915277368204966,46.91258289910009,1.2333317333498475,3.6132164546931214,57.52863951581416,2.3949187466351454,3.2343935012119616,45.97085786072416,1.25773421254236,16.053699955928955
2023-10-08T00:00:00,2,5.004508524343829,46.77999185795346,1.1218804739765016,7.1418992342172665,55.62334853833274,2.6399664150190008,4.691642695725908,48.759092564570985,1.3683740296787894,21.938251389785542
2023-10-08T01:00:00,2,4.329763525300226,44.08473979716892,1.281881175918201,6.034302022834622,56.15547115117843,2.440657125118591,5.092255389104067,48.14165230229376,1.2477275560878145,20.552970126642855
2023-10-08T02:00:00,1,2.907103021151631,46.19195161685575,1.2140497837122162,3.8971055005794497,55.476398910262546,2.3674590972864866,3.9392526356449897,48.26449812531219,1.2804229476817879,16.66999069042609
2023-10-08T03:00:00,0,2.8586198675033723,46.7213626300061,1.253230492453758,2.296466733303924,52.42149249258769,2.4710073371220207,1.4590234743943835,45.32636343428909,1.3135035365839045,10.690192750687922
2023-10-08T04:00:00,2,4.593320644376574,44.28960550697144,1.1453937351386938,5.962907065974035,54.55526945943286,2.373599291977084,4.452739093367554,47.50940518216592,1.341098516102415,22.786401794996674
2023-10-08T05:00:00,0,2.5722091326157557,46.682947029630085,1.109973931691361,2.996298840738171,55.55763968334251,2.6914128743035457,1.9765545235902016,46.682721813564505,1.3074363174320005,15.410457165355854
2023-10-08T06:00:00,2,5.507905513970504,45.684511422728306,1.113729111464444,6.2755227541642515,53.90593863093786,2.5707440097413286,4.442050635350025,48.305797191686544,1.3740772054631771,24.016925644413377
2023-10-08T07:00:00,2,5.379529921435502,46.62190129423294,1.231042013671884,6.844290009400828,58.06142596086344,2.4082491626155043,4.7866697682930734,48.1268833966144,1.354274152566728,21.12206305208042
2023-10-08T08:00:00,14,35.94495007869397,53.84936818627756,1.1604296126466926,40.925767703721924,64.45045279588791,2.386156749138135,35.36483390489067,53.70454318193757,1.3674638052752912,118.43086835925499
2023-10-08T09:00:00,10,30.540507266909202,49.85802609956956,1.1830394067087042,33.81530752941424,60.91557911947032,2.674432578124064,30.639284018969615,52.68382252775067,1.3255644441071017,99.33214904986998
2023-10-08T10:00:00,10,30.928826782581062,50.50986192258239,1.1120057171914903,34.64352067979074,63.400749415405116,2.6163192635338226,30.23502400668601,50.934337068632054,1.3248439890271722,101.88997154388636
2023-10-08T11:00:00,12,32.25148464750416,49.31670472301431,1.1496110771038912,37.701854418155364,60.444770025293195,2.6747733742631388,33.51349146292518,51.54955810627304,1.359990401452758,107.69543845606611
2023-10-08T12:00:00,11,31.743462372929315,50.89623926751009,1.1534190180622987,35.009777160615826,59.782649975937865,2.3590503102329494,32.49312498798078,50.482552392870154,1.238709254750722,104.66145004719516
2023-10-08T13:00:00,15,37.79109678467472,53.0060279768965,1.232532385334174,42.4793717271714,66.37168356173493,2.5157628444025293,37.77548464863685,53.41747458970818,1.360721969757346,125.8136076601416
2023-10-08T14:00:00,15,37.99621573940527,52.690146342832094,1.1644506803750865,41.14721922618986,64.55741490687535,2.337155313748657,37.1121398325081,54.89916753770254,1.3741353987803024,124.04408788523867
2023-10-08T15:00:00,11,32.487312373626345,50.24088891952048,1.11210258243407,36.1120972089693,59.97492437081905,2.4016520584874184,31.438825114906997,50.057078192186694,1.2579442335381525,107.41632570995114
2023-10-08T16:00:00,11,32.15757470540767,48.97584531400584,1.138120893018961,34.985793507801105,62.814744385175864,2.4003910190144557,30.62722075250831,52.805773248610315,1.3776639384401435,103.62671079857195
2023-10-08T17:00:00,11,32.26898918477827,50.62254336776878,1.1280324807547961,36.027583913812876,62.89420109474519,2.612198220560595,31.793971833248733,49.88232045578472,1.3881204284580249,106.88024147353404
2023-10-08T18:00:00,12,32.510559244633484,52.712263821685916,1.1902642687024272,37.19392541710491,59.25612498938193,2.4317128030676285,33.83834911114013,52.83923383914047,1.2328601168811302,110.73925788030695
2023-10-08T19:00:00,11,30.908839650495842,49.09825317850173,1.2875764710843756,35.99820733732791,60.04832629649996,2.6599127516107464,31.692153222864636,50.56281696859009,1.210740440348952,104.98291516594317
2023-10-08T20:00:00,0,1.3717886642944206,44.9887643840293,1.2631070863220442,3.207296487358014,57.07120772639131,2.5525728484327947,1.907041328280014,46.79013051994511,1.2883766856524923,13.36173786157363
2023-10-08T21:00:00,1,2.9576192568349917,46.42099067478395,1.2598798144339778,4.317447441639141,58.446161397757216,2.567648850068558,3.182264731330933,48.1081935612499,1.3692948994600564,18.234834348085613
2023-10-08T22:00:00,0,1.1371929172705637,44.25553026474114,1.199354648699536,3.502600729137461,57.78892163465162,2.3410800966891463,2.3947572378475845,46.26695601739755,1.3552599112179387,14.234368733715932
2023-10-08T23:00:00,0,2.980470238561342,45.840121213271246,1.1657589279505007,3.9306355562340505,52.95667953418064,2.425679415752163,1.224707141854972,47.88795108192957,1.379403187063636,16.040068987083814
2023-10-09T00:00:00,1,2.9684775897804876,44.53376690960915,1.2839138147240063,3.7049116466182808,53.486826151741525,2.3853392399955533,3.0950348094308238,45.3638924290206,1.249526749368629,15.497357524788091
2023-10-09T01:00:00,1,3.3582012992487456,45.08642186245971,1.1193694764438507,4.499946401513441,53.35918726142248,2.412123943621485,3.1542922598261436,45.98634990534375,1.2884430094788095,16.946279916823467
2023-10-09T02:00:00,2,5.884957974526775,47.414588237197435,1.2778955367014113,6.206479782893297,53.23002566080106,2.3490704304402787,5.3654003257829865,48.31364429231065,1.3085373021823499,22.787990895942016
2023-10-09T03:00:00,1,3.4119612679685196,46.268043766731246,1.1724447781056464,4.953585497868975,55.89969608116122,2.6576298235954576,4.124730198127278,44.771396906815006,1.2781904604488994,18.710628190916424
2023-10-09T04:00:00,2,4.603260085114454,46.2640305797737,1.2603224474175256,6.241279276388076,54.2350511605495,2.5729018667757053,4.52238266913995,46.67428311049668,1.2297554997873033,20.170939746545024
2023-10-09T05:00:00,2,4.8919082531467195,47.632022598886024,1.173039835409432,6.944269568775492,58.828995351839716,2.507473242456972,5.792893634563935,45.640646237459265,1.2244178603761102,22.7946705355543
2023-10-09T06:00:00,2,5.905523322156659,46.74995673092343,1.1194066855982883,5.3396747253658905,55.73159494651371,2.324686573836096,5.029350441945569,47.03197817414661,1.2029226257776853,22.584535269069313
2023-10-09T07:00:00,2,5.654570031111222,46.138442212454535,1.1213548800813942,6.72771083811033,53.87599249634674,2.487886015197214,4.159282525300756,47.72839313426423,1.31341367411054,21.046104692328836
2023-10-09T08:00:00,12,33.2527904894684,51.631396230076106,1.171960196835106,38.07366433415183,61.645633754378025,2.501627763306628,32.56042796601868,52.189247309158375,1.3080958080449532,111.02271486991226
2023-10-09T09:00:00,12,32.915873378888314,52.450028089292836,1.119698754395016,37.24037172888438,62.21528033651495,2.6964869431971046,33.05196175759489,53.09941268008527,1.2538527168852607,110.02828112402804
2023-10-09T10:00:00,13,34.00757319515799,51.23831415924996,1.1804026126977465,38.77358803768345,64.37585334684043,2.397842626122609,33.64021178630335,54.01247652050234,1.390277541179138,112.89420165363532
2023-10-09T11:00:00,12,32.589042634755614,50.83399645479057,1.2472275222806735,36.7316351537155,60.990576187306274,2.5515434354015865,33.593891750777985,51.99689723423593,1.3739498223746025,109.13537665599182
2023-10-09T12:00:00,11,32.22779264215482,49.468085396638706,1.2978567707888706,35.27243839408378,58.60065228927211,2.3511787803822006,32.35205233751003,50.397565026224896,1.2944195970780166,106.79681092700784
2023-10-09T13:00:00,12,32.589865236109816,50.07270949842662,1.1017393186970468,36.477071701856445,64.55343465602148,2.6352463500886696,32.848904532581145,51.68794177179505,1.301794270894688,107.09875276383758
2023-10-09T14:00:00,10,29.943396328917938,49.60747286865434,1.259885929397427,34.64748183554035,60.651159740173014,2.6687895152632333,30.050374764242566,52.637982331632514,1.234374529964492,102.24182695537864
2023-10-09T15:00:00,15,37.4019319889163,53.51801745296824,1.2869427427833129,42.458558367410554,65.64991163484409,2.606294490378354,37.304194967560115,54.377258902512715,1.3054749646850794,121.79197135176953
2023-10-09T16:00:00,10,29.816323250774687,48.573265217658246,1.1422287268813276,33.117478960482245,62.51981195855007,2.65369322156831,29.192470901898467,49.253239941366715,1.2609821460858812,98.84491963784183
2023-10-09T17:00:00,14,35.709672069367386,52.18878418160986,1.1666517221892994,41.20272322992922,65.3429558775767,2.4203107845835343,35.56695713898435,52.594957254971796,1.203521897290685,117.67374569145369
2023-10-09T18:00:00,14,36.99267782025216,50.23111501194149,1.10498118874766,40.682739499830326,62.20243244394932,2.630013784421838,35.99595599284126,54.14781253037165,1.3143269974542564,121.11852616958312
2023-10-09T19:00:00,10,30.467864790928925,50.42395406090366,1.2647103564360767,34.71917322608495,62.300375631945506,2.3969513657748314,30.509524735305536,50.49536457732806,1.3380458734415313,100.85137851657672
2023-10-09T20:00:00,1,3.044316999834071,46.39253913602833,1.2861184474744431,5.405076777061927,52.64948446620183,2.3205125103727458,4.148505353271937,45.71125311009427,1.2222018990698171,17.375519405234666
2023-10-09T21:00:00,1,3.1450998763478655,43.780304540917726,1.257813038187926,4.059040997854714,55.857690080178,2.3573803505025346,3.155156572843546,45.89473967669924,1.3058828258209894,15.580167362980074
2023-10-09T22:00:00,1,3.043287849817651,46.239672105161056,1.216954506937951,4.958970648930675,54.10696324050735,2.4143522859831714,3.9961847848573955,45.34559305558941,1.305859178382441,19.47905354882407
2023-10-09T23:00:00,0,2.6563173436929772,44.347375484803784,1.1272567942037857,2.579792155807686,56.7560087068355,2.33414070967342,2.6738149723962135,45.51954607741793,1.2717196078673998,15.134663516986306
2023-10-10T00:00:00,2,5.561950512015564,44.89885657902002,1.1144935451269469,5.4377452269240045,58.95463261655841,2.434371228138244,4.781908307012199,46.05963815278671,1.3459128235068825,22.39030731685662
2023-10-10T01:00:00,2,5.930481580755333,46.362056326930166,1.2116491531786375,5.854028240929062,54.60303048874261,2.573984427327033,4.296030237577828,45.43020081712845,1.3316597964474697,22.274651410408463
2023-10-10T02:00:00,2,5.293803851229077,45.83929148642431,1.25335681268688,6.926383113400615,54.28051975252299,2.522738972548021,4.251254575994539,47.68652676563458,1.3518884529639532,22.076024122933312
2023-10-10T03:00:00,2,4.268683459328347,44.06098969020511,1.1828685899278775,6.005096980009693,55.65646356457435,2.595795926826595,5.093160501849665,46.59410690824897,1.2365026361424478,21.19129997223484
2023-10-10T04:00:00,0,2.564579081153913,43.487742804057056,1.1228041050645348,2.887377834923731,53.47553226855398,2.3068107968094025,2.9669155022260423,47.26199277299613,1.3143203154807703,12.843143833203067
2023-10-10T05:00:00,0,1.2831754049085935,44.99438021638238,1.1666468355235766,2.332119443628323,57.72091372577324,2.3256452205787075,2.480105443003418,45.32624037596233,1.3847139595091529,12.875785654465714
2023-10-10T06:00:00,1,3.35720099326429,45.35300522614432,1.2267582580991538,5.348472230303228,55.13530840474633,2.412132092952067,3.2466926171082147,46.77830449237762,1.2995323583075593,18.33287562728354
2023-10-10T07:00:00,2,4.294576045766601,44.78636116519442,1.104412407965415,5.211360896877689,59.15104245249606,2.3181712294870525,5.296629866244992,47.23596504955623,1.2368884391001571,22.10058305624994
2023-10-10T08:00:00,13,33.52275093939955,53.46485903863103,1.1764345992084297,38.54989049477936,63.97633505440047,2.310862776332055,34.9048990259038,52.26965721061133,1.3066779521456655,114.3340696807947
2023-10-10T09:00:00,12,32.97620261693238,52.9314772210155,1.2930543918802913,37.70023517485401,63.81333125094724,2.6227319301276175,33.888595935231855,52.565670179557316,1.391829891754694,109.27146545309238
2023-10-10T10:00:00,14,35.395901467067006,53.01955359704787,1.1182330634413349,39.863847601642775,63.249635662085666,2.3094708111506623,36.959908492108376,54.27858160896394,1.2526940186270634,117.20895697905084
2023-10-10T11:00:00,11,31.514367399114995,50.08334074571554,1.1952004924422168,35.24972109109194,64.3531370441089,2.3663614400112296,31.00073428778291,51.98100936442431,1.3241025418564571,104.32459112970193
2023-10-10T12:00:00,10,30.890903809754377,51.90952592622899,1.1255059392568134,33.593840731676494,63.7426206759892,2.6912405000668387,29.21121832412246,49.63295968842618,1.2140906510379186,101.60273592017305
2023-10-10T13:00:00,11,31.399295108499988,49.83948952293709,1.1353868978279202,35.155736977403244,58.94928015659182,2.355694853733055,31.247493104323496,49.55627547112743,1.221501417945621,105.68477884973898
2023-10-10T14:00:00,15,37.398086020005806,53.442005670660535,1.1807223845175452,41.95215246700306,62.293645991258714,2.623839170943539,38.06305356397422,54.152847219385144,1.231588764235199,124.54713859528452
2023-10-10T15:00:00,14,36.70262262345585,53.94140578102344,1.2379157532026708,40.80623492493865,62.9705308071449,2.4680608587230117,35.340802959797955,53.3672939219925,1.2889892991206282,118.44971497219571
2023-10-10T16:00:00,13,34.97444219542196,52.77071446287684,1.179359529915272,38.88820739812323,62.798715422343676,2.537748970582896,34.57117042321171,53.960620066261,1.3693346542063258,115.4577095496199
2023-10-10T17:00:00,10,30.68984538976391,51.54906763898251,1.1333509795366528,34.89953634381999,62.95913393467558,2.420120918686991,29.465249812121655,49.194251322131024,1.304059943009616,99.97255686125403
2023-10-10T18:00:00,15,37.034214250292294,52.67912147897318,1.2852746325153956,42.9907379216604,66.75244685280512,2.4227588906910915,38.11021778730218,51.558779059362585,1.2413160072208906,124.23934980238583
2023-10-10T19:00:00,14,35.86680030464586,50.0506537616755,1.1500325972728058,39.42173802734037,61.742144197533115,2.485601884933755,35.33523898318696,53.8867005191747,1.3613270720350084,118.06084219119512
2023-10-10T20:00:00,1,2.616080101954794,44.17193187399533,1.2507305072348136,3.6772046014503292,54.57312950556136,2.3349741781011035,3.9245173070465977,47.239230000661735,1.3616835452482974,15.641003292072586
2023-10-10T21:00:00,1,2.8473794113871964,44.86609226975003,1.1120004533613377,4.913103199186942,53.104212812371756,2.6793163228551693,4.130814952351201,45.55531358078314,1.3746795987967169,17.91668010669131
2023-10-10T22:00:00,2,4.293644073100919,45.259441790664646,1.1535932211539646,7.137445099948263,55.715372166222814,2.6609413812258778,5.590525362069651,45.625008360388556,1.2543206099463795,22.59327330367193
2023-10-10T23:00:00,1,2.9472950586189812,43.90416081721386,1.1012549234733127,4.401057383501739,55.16915438826461,2.4277566867676814,2.630254095902325,46.48192523688847,1.361922834165612,15.43794627642873
2023-10-11T00:00:00,0,2.227673468806552,43.07056025004569,1.2632179214208594,2.3694744493848066,57.59794048425113,2.3812079167924907,1.9249840632142858,45.969447204775,1.33334352362671,11.567111430727504
2023-10-11T01:00:00,2,4.933583265938952,46.26434770243378,1.1603790521983945,6.156199396753687,54.27777568824675,2.3975431667908045,4.205860416887244,45.652587877198734,1.3922014052758538,19.543775873506494
2023-10-11T02:00:00,2,5.154685027908924,46.32146205128447,1.2583527367805338,5.593545077284059,54.64866470946817,2.6132291682244095,4.850267303974039,45.832816433518545,1.2797535102575315,23.28216135780469
2023-10-11T03:00:00,0,2.793326926901903,44.29319992503735,1.1156353715245766,2.4139087490423883,55.25928319574075,2.3564496739994185,1.7768472912295765,44.24767564369347,1.27480068024379,12.8843290556343
2023-10-11T04:00:00,0,2.025833907608485,45.73179673956892,1.2162186020379733,3.481471514637221,55.94760964833169,2.5641209023849663,1.1892323479969016,47.81645855406491,1.2130950320582128,13.109136311129895
2023-10-11T05:00:00,0,2.9234067761362885,46.1396018355175,1.2540405484005595,2.778245580241536,52.4201288237137,2.3612299606297884,2.8811701839800685,45.60900948379948,1.3483902220149662,14.995529127065291
2023-10-11T06:00:00,0,2.661325867089147,45.11206257108407,1.2814608971374173,3.528808120846283,56.856255432743374,2.517058317588042,2.2312740318724753,47.508749969968555,1.3500737994477077,12.660481025943021
2023-10-11T07:00:00,0,1.9741637517812545,43.49662659784507,1.2767955682675032,3.481646856487301,57.65136618518096,2.5336042681382525,1.0975901208630856,45.698640849838455,1.3669694465804332,12.64286516731271
2023-10-11T08:00:00,10,30.79649989352434,48.120114529098224,1.2996486144997523,34.23343295326487,63.23582931788731,2.6317151429365153,30.108991253875388,49.07506790227429,1.260535738198955,100.84998894033829
2023-10-11T09:00:00,15,37.4733978993437,52.30836679066985,1.1798482733008673,41.78949722795317,61.713456734218106,2.4375405076598513,37.449007853823744,51.76934088580826,1.2215504257115037,120.76706628706494
2023-10-11T10:00:00,10,30.627149285065087,50.40341837366466,1.1769447891582756,34.006629112385255,61.56735764335074,2.681011709173197,30.225446332560956,49.206411981213016,1.212523743584917,101.33412997797214
2023-10-11T11:00:00,11,32.1977450609633,49.73093269403573,1.1387792598927418,36.36264764722283,61.7485232035608,2.6926273626889503,31.414642422885656,50.14713177854292,1.3051941528619522,107.96176642875366
2023-10-11T12:00:00,13,35.19428694489199,51.630136580581876,1.296954227723316,37.854354733053974,65.79782475270088,2.6141238910625906,34.429442894509,51.35767839191159,1.2965692985871837,112.49084011368619
2023-10-11T13:00:00,15,37.83909367638701,54.36458812451416,1.1069597114575487,42.81115322834709,61.090551110452616,2.301128504854682,37.74982398503473,53.69702551689735,1.3370895447504147,126.28299549399837
2023-10-11T14:00:00,12,33.87908903666367,49.991502502511736,1.2269601578823288,37.808763174480234,63.00630668775277,2.514181692079049,33.611521346730555,53.06262863291293,1.2073081413554982,111.12364127123647
2023-10-11T15:00:00,15,37.05978465511126,53.296067597304585,1.2413554267228877,41.68511951242614,61.864692658411016,2.45645310451013,37.21315096213324,54.715373897037985,1.2790373994313482,122.0733634914298
2023-10-11T16:00:00,14,36.969535360086354,52.89952903462649,1.1884096624361624,40.465341961796,63.11806285493044,2.571889708708004,35.47840870072592,51.75347822495189,1.3930023523195434,120.8916674610453
2023-10-11T17:00:00,15,37.19190308053631,50.78831203784494,1.1114420806186087,42.19918793742259,65.30436100094167,2.4522597313176218,38.09439080629969,55.22738893180171,1.292258428315105,124.65358864879794
2023-10-11T18:00:00,10,29.59851524102528,51.53058276367648,1.1220278709145104,34.0253702882547,63.32106345791752,2.557363225548198,30.670566960807406,49.62053646727629,1.3843478335970685,98.64853834433521
2023-10-11T19:00:00,15,38.460357624932186,51.328833344135425,1.1710681671428602,42.194259626365245,65.7849312780179,2.3664600088343555,37.85356565996378,53.805717548185356,1.3135537828572448,124.57350462812113
2023-10-11T20:00:00,2,5.778999815005038,45.80257061618677,1.228785342043626,6.764819487698008,53.75893341891839,2.541430837004846,4.703240260104447,47.28035217757501,1.2842746698525873,23.326697728489982
2023-10-11T21:00:00,0,1.3239382786063933,46.636030793570676,1.2868509317819652,2.3137420607587496,57.06518863527752,2.5749514478897377,1.5447173822998497,46.40204159607407,1.3608998903476814,9.591487845152304
2023-10-11T22:00:00,1,3.4631491502912795,47.44249487116932,1.1749196806465783,3.721289868876499,56.70438055060917,2.362781646889474,3.1948379848718633,46.366799410103454,1.262415549618233,17.069808278074888
2023-10-11T23:00:00,1,2.9024116295746127,46.54453528263697,1.1809208413309722,4.3383074307245835,54.65274036509595,2.3327821937285487,3.8955073987436872,46.38759584674933,1.270005340276986,18.64489171622761
2023-10-12T00:00:00,0,2.2505555232194867,43.122285018747924,1.1266846693334793,3.074453164599247,56.458880489537194,2.6834672943799407,1.8584650151091109,46.65114923187858,1.2712043573364988,13.931393799880547
2023-10-12T01:00:00,2,4.608109222638526,47.04968476470802,1.134372170824012,5.559701675060084,55.58265540144727,2.390684744901396,4.324951823350828,45.421354883444145,1.2255112205549363,19.991406510909233
2023-10-12T02:00:00,1,3.827941778481341,45.13460410239573,1.2790925223344953,4.3799623972271435,53.03734565551476,2.437101095025868,3.69803589916853,47.50216553906982,1.3284436969047373,18.269665774011628
2023-10-12T03:00:00,1,2.73547928851446,44.23426645273535,1.1759412035058265,5.256398841115942,56.63860508977782,2.6821267244197413,4.101470767370383,46.19726403214385,1.245200561522872,17.33610546467046
2023-10-12T04:00:00,2,4.128690973290468,44.017627089999166,1.2332440976789856,6.789341154728641,57.38755559547831,2.3009749924655325,5.4758222547566735,46.486689899933985,1.3738134613406028,23.485593525052707
2023-10-12T05:00:00,0,2.323066050634977,43.135516528530154,1.2013153177174831,2.4634662435414976,55.81271346923675,2.528198792089043,1.385610270889936,46.14140119466992,1.2022303288027443,14.094104236429313
2023-10-12T06:00:00,1,2.5653776884744466,45.99293750881225,1.1119767970421128,4.103128386112489,53.95086816674805,2.6059800956455703,3.1012221840374563,45.447787464172,1.2909582287867176,16.212452344227884
2023-10-12T07:00:00,1,3.2557572885758823,45.68029729303677,1.2155263790649997,4.5521178470533545,52.73542493462856,2.4798861417706624,3.65369132739269,45.11527683062005,1.3954728005752068,17.68714639115089
2023-10-12T08:00:00,12,32.69086479284684,52.69389652909301,1.292439384286775,37.40499730053483,65.08138031127794,2.612935403981558,33.98514304730618,50.408490576094145,1.2153676360115455,111.79113551349388
2023-10-12T09:00:00,13,33.60152227429434,52.23144271199553,1.1223234762719383,37.84661261624912,61.032087937963986,2.6233896616401946,33.88729842951211,53.76219569651765,1.3586873018401988,110.6764852839986
2023-10-12T10:00:00,15,37.37205884949719,54.152275397834856,1.2358252663666354,41.77102058146884,61.454403555040116,2.5861018960103688,36.62562928597102,54.76297473565728,1.3808353650316523,123.09383445709302
2023-10-12T11:00:00,10,29.413859094960635,51.57389181404753,1.2477806376520442,33.74434697293901,58.085693921556086,2.447028693988845,30.200282232005776,50.29463486327058,1.3467954116566159,99.80419242342614
2023-10-12T12:00:00,10,29.96230525536988,48.64633394905013,1.1164917288007543,33.12533652101751,61.9392205299036,2.478951236273053,29.887199972557333,51.913463143020024,1.239494268354945,98.58236748667838
2023-10-12T13:00:00,14,35.94445315362435,50.92812896261752,1.2448181957230375,39.5687318312575,60.516151953357955,2.485221432935916,35.947026852472355,53.25088304703461,1.2333349081723914,118.90644219243931
2023-10-12T14:00:00,12,32.812774966347206,51.04142376013068,1.235149891406872,37.8934742182871,63.55108510299935,2.3489315187789668,32.13393161313748,51.42363944926656,1.3768377051398275,107.59077002490322
2023-10-12T15:00:00,12,33.65829266074129,50.9302785886522,1.151849170225457,37.060050628048245,59.56587909329467,2.4589744980246886,33.085655608025675,52.67758706994688,1.2793515309383119,111.80009507871686
2023-10-12T16:00:00,15,37.25859193833893,52.99473641236534,1.1584492710677743,42.61048011504036,66.53332968627794,2.468848886873086,37.018372320334954,55.25465201982896,1.289473424300539,123.05442526816783
2023-10-12T17:00:00,15,38.28488465377667,54.269563345247995,1.1632504810650017,41.16297078695514,61.086251699378614,2.6622892451345757,38.05186636651127,52.1936457146508,1.377350967279114,123.97329455196359
2023-10-12T18:00:00,11,31.166160992692014,52.26052688704798,1.2234388822272426,35.51458451173946,63.36354613992295,2.3537752215965733,31.123778559415666,50.70665559874308,1.2989077179358324,104.9129660915521
2023-10-12T19:00:00,13,34.20019202870638,52.155253638877994,1.1247424538292874,38.33769190673125,60.01012956031558,2.4307719822069584,33.792041349629855,54.29714249659906,1.360037228365535,112.35828999080196
2023-10-12T20:00:00,2,4.403326998041382,45.437154601041584,1.2756572446250976,6.909830701066333,55.32424258666312,2.5585194400759903,5.565346390061018,46.09481671901532,1.3638219237989029,21.61465146164734
2023-10-12T21:00:00,2,4.432467101122666,46.91190854891253,1.2538005879970953,6.617921004317864,57.4962892494933,2.472981389908016,5.446408083357786,45.88184826758171,1.2516769737996811,22.142658706541123
2023-10-12T22:00:00,2,5.191711847368343,45.03779713617912,1.271813863049126,6.837376869963922,57.87524213510355,2.697212491342669,4.859374429654972,47.44098844610201,1.3706188634751755,23.493858691831313
2023-10-12T23:00:00,1,3.15363261082937,44.96677572006714,1.191717000552408,3.931564121381877,55.404028182552516,2.5958838691391937,3.2167640934480963,46.49302356534221,1.3778690798518531,14.495070916431711
2023-10-13T00:00:00,0,1.7839774805577973,46.60649847197022,1.2193558897276418,2.4325495328694093,55.99429105506835,2.556959378066868,1.9618216234747523,44.94728111688685,1.2049828799420055,13.603025390934585
2023-10-13T01:00:00,0,2.8414305200188386,43.953274317389784,1.2591548703591542,3.6642084235051327,54.26981465636316,2.3570000674069482,1.6541023779624646,45.284616720758166,1.2824763416737595,14.582718906166571
2023-10-13T02:00:00,0,2.815077942478093,46.713836095697985,1.2845884410114488,2.8776284277517883,54.23483284894247,2.618558272663877,1.587182930650211,44.101953049474254,1.2937089692470536,14.00049499227793
2023-10-13T03:00:00,0,2.7188864742375833,46.75348111006021,1.242360131035601,2.124993703646569,56.74956756736996,2.3265903585564063,2.869685430760465,46.92406620599787,1.2155562998418767,13.414046067199852
2023-10-13T04:00:00,1,3.0260026001982867,43.569616993283546,1.2064647598842215,4.124473410166913,53.24640765154751,2.6411531031358053,4.312701460788625,44.52404744219613,1.2998448745416071,17.412843202616408
2023-10-13T05:00:00,1,4.251929406820021,45.287545211600225,1.1194254284219483,3.967225973641554,57.48437884264269,2.4443112377324967,2.7598137654494455,47.66020698923572,1.263228052560286,17.908807155665066
2023-10-13T06:00:00,2,5.902208221003542,47.07376201796819,1.1496329418263,6.663500087369813,54.482229158814185,2.3032161505361692,5.302431755829398,46.77371971163015,1.2387393747458415,22.635878028155105
2023-10-13T07:00:00,1,3.216623904297669,43.867062340919105,1.1822924860772066,4.123167813252493,54.79789968287391,2.449053108790207,4.206203904547815,46.29040881446646,1.2774862280107169,16.189016768529346
2023-10-13T08:00:00,12,33.843477124489866,52.89771437499862,1.1838201267847401,37.77860543648124,60.457999225601924,2.468174239090723,33.76650007629975,51.25041055223037,1.2530338338725762,111.19350916349046
2023-10-13T09:00:00,15,36.717568330705376,50.889616171421444,1.1733561392716572,41.393273897487205,63.18356429316178,2.4934783243779375,37.39440321535844,52.27676435253975,1.2943940429162717,119.7653047708992
2023-10-13T10:00:00,14,35.1429936980042,50.55240138838477,1.1628130668934413,40.59608530519427,64.36016438080856,2.6610645571364593,35.28162009397686,52.00438901124662,1.2497635035926296,116.8471984492094
2023-10-13T11:00:00,13,34.47144201672136,53.13618571978513,1.2888300173152258,39.06980948063055,60.23507835331763,2.4920247492316028,34.79127299415691,50.92225905971894,1.362586065826941,114.28031951797445
2023-10-13T12:00:00,10,30.53072342736941,49.62654518847626,1.1245758704261197,34.68548348618048,59.84646537337444,2.4610227345084135,29.709024820823988,52.560200606315234,1.2026285415341196,101.57114514408678
2023-10-13T13:00:00,15,37.09631602524819,50.958175444490394,1.2378692171660928,41.53405533794997,66.40844257930735,2.341878693156936,36.618465180088236,51.86050020666382,1.3112561647256293,122.04672179550504
2023-10-13T14:00:00,13,34.37304497617431,50.43503750645521,1.1639024539160105,39.00909477072909,63.1925756342988,2.596791981674921,33.92518588013009,52.97531308052783,1.337020269526402,114.59571222120019
2023-10-13T15:00:00,12,33.78716630591072,49.11403981864184,1.1201204328365841,36.29334893418828,61.16252228706766,2.5839088297546424,32.26247936194661,51.4470818290655,1.3114080600708167,109.56247434777852
2023-10-13T16:00:00,10,30.684267809482964,48.50995307422499,1.211997368375599,33.80406977977816,61.66794976498224,2.474186049991301,29.819293217385898,50.75678627084696,1.2550896662561661,99.7383680904501
2023-10-13T17:00:00,10,30.526372620581228,49.138047000431165,1.285052384175962,33.663625542423084,59.818315087534494,2.6956725046303838,29.963065416556564,52.470877889492066,1.359380045146804,101.77121133827345
2023-10-13T18:00:00,13,34.66683144954698,53.17523550494497,1.1990932379529964,38.72934307060157,62.26816389667818,2.4762425999341495,34.2418352861779,52.73397918523111,1.208918000276077,115.3733698081076
2023-10-13T19:00:00,14,36.7082458739158,50.81548431206029,1.1913854847698646,41.010008593170994,60.62725830937378,2.676285167695555,36.7975450670962,54.0431563721516,1.261843249934543,121.14003790658319
2023-10-13T20:00:00,1,4.0339743136848885,47.42873011812569,1.1934018872556778,4.508028412085774,55.31012961859566,2.486031625592291,3.223200297853417,46.49162701856566,1.3633347501075503,16.498434876435436
2023-10-13T21:00:00,1,2.9802540586577404,46.15528006075383,1.2253646900738118,5.349758628292657,55.872573818882856,2.302548264687967,4.201291542615398,45.216206093720714,1.3907639399216483,18.575930053701
2023-10-13T22:00:00,2,4.984311998168389,45.78139167174402,1.155808113118622,6.845757084994327,56.311061284218674,2.5055715509822987,5.696200729277974,48.83597681209853,1.258833682952246,25.389821302818603
2023-10-13T23:00:00,1,4.108290282932319,47.318344470156916,1.1944592636743112,3.973895236409738,55.167704860409856,2.5960233275073574,3.7009300209678715,45.10014878800798,1.2199914943395407,18.610890037539598
2023-10-14T00:00:00,1,3.0320284327023526,43.50170751358695,1.1831926120113163,3.7601703435565192,52.83591470627764,2.4475808234892718,4.365041294192439,47.27129063104644,1.2827869821368603,16.769828762002692
2023-10-14T01:00:00,1,2.508933755151425,43.80628572566558,1.2360794085919877,3.8540439159810007,57.954325395643345,2.3054664830436913,2.673012217469477,46.51270581233291,1.3761196642852451,16.196952523561677
2023-10-14T02:00:00,1,2.9432636308182607,43.6610209036881,1.160163916352396,4.41306797947687,54.159543080743184,2.617828330894649,3.3655974579396624,47.57461746314373,1.3675031283014065,16.275512848258415
2023-10-14T03:00:00,0,2.170517623436707,45.266396517076714,1.1626976026519,2.100093333999821,57.47815355134654,2.5085880005575087,2.6361909671226478,47.96495106624899,1.3750024468615436,11.927299718561903
2023-10-14T04:00:00,2,4.472790330057997,45.17307763682406,1.209920778358363,5.213946197034767,54.33413718485182,2.4534501506366357,4.841608329509938,45.555420007110015,1.2329277111266335,19.347216873220415
2023-10-14T05:00:00,2,5.002597079396843,44.46872392247669,1.2356548805013037,6.429172623396033,55.27510666535915,2.30118738951734,5.394448791143353,47.02837781755004,1.3387139478437904,22.436913303038445
2023-10-14T06:00:00,1,4.472704184472735,44.79967114407626,1.2866463711306204,4.6842123124404225,55.32555241378251,2.428271613570779,3.970877504777425,46.775945448858444,1.2393478805335327,17.689401946150078
2023-10-14T07:00:00,0,2.7058907862855794,44.83288618995864,1.266296373613454,3.1195632645644595,55.21289720989238,2.540355692404473,2.5115683065754757,46.26441244120047,1.2398697447623648,12.54729677034181
2023-10-14T08:00:00,14,36.45533371895897,53.42857034778117,1.1994659674652093,39.66817213080526,63.67303275542976,2.661192319086746,35.95377402210652,54.16111894042642,1.3773649882949455,116.15976692084172
2023-10-14T09:00:00,15,38.06057275249348,52.48615300818186,1.2582213643723077,42.81039964030724,64.83625194078328,2.687104202907634,38.30301136261396,53.28596929238073,1.3284479833514955,125.06795955712948
2023-10-14T10:00:00,11,30.611856797682417,51.70764636213088,1.2511148459984551,35.117474687601,58.93556713225489,2.333545577992824,31.03830529236287,50.24270751081788,1.2222523118433632,104.61233201063206
2023-10-14T11:00:00,12,32.167995720582304,52.694798444651994,1.2729107308740375,36.22992811774327,59.53895717610334,2.3403570884941507,33.68262072845746,52.7056563343542,1.2661948571279475,107.68836684971983
2023-10-14T12:00:00,13,35.48897984377578,50.902704000957655,1.2376131614857397,38.78700900344421,65.74369304517431,2.4213450281042697,34.53290424460358,53.040108001031044,1.2851386166538066,116.63188729978403
2023-10-14T13:00:00,11,31.89129602357924,51.65399559359986,1.2392358772796213,34.75349770880062,59.675236437351586,2.4288688303306905,30.903690594282327,50.14860513479678,1.256699125646049,105.1515486543181
2023-10-14T14:00:00,14,35.48408962569335,52.38128703161452,1.2711300871029791,40.80723516785979,64.85415017382435,2.637854740880785,35.812399584956246,53.19514933762151,1.348709309128189,119.06667063859065
2023-10-14T15:00:00,10,29.80274663061426,48.39844339777227,1.1229533215967817,34.34343492782176,63.886981358395985,2.6797082595181783,30.103227840504815,52.53419984445852,1.2983853593601218,101.7592038136863
2023-10-14T16:00:00,13,35.14313034225748,53.00063438298462,1.1373939661821317,39.0397422306778,64.30171044202231,2.6328266217051777,34.80739372658296,51.98513970961531,1.2691892499733177,116.78871479511899
2023-10-14T17:00:00,10,30.132455442189816,50.1467233261185,1.2123307363936928,33.70032591049177,62.720434329153356,2.329384393205503,30.452578020471805,50.345160456191984,1.2225594515565283,100.82518540052409
2023-10-14T18:00:00,12,32.4297340496248,49.187817166660565,1.172420215938862,37.725561181423274,62.25925273749638,2.34959911711082,33.237891828723505,51.831573165719036,1.3116192976459573,109.37320514151887
2023-10-14T19:00:00,10,29.15951985353145,49.14322189995251,1.1340346482042165,34.48808463896546,59.616661933685194,2.4511693840949427,30.720312582476506,50.34225343429661,1.3826899758388544,98.406545152974
2023-10-14T20:00:00,0,2.6724836693937726,46.428036195611384,1.1210404219699004,3.1327201772229865,52.38708936392162,2.5382048722527504,1.1367983190972741,47.088152076991115,1.2762211882979264,14.67566597829911
2023-10-14T21:00:00,1,2.8057654437870214,46.686623447739606,1.248951256237333,4.647534361540146,55.208600360954584,2.6637772084097344,3.807553363403431,45.05902749063784,1.3192547126591954,17.190757711301487
2023-10-14T22:00:00,1,3.69175294644635,47.280236372598054,1.266713122463305,5.127701985042341,53.170300938813476,2.3528234709924214,4.2962958608137125,46.7316182339012,1.3788210353858794,20.75878155007846
2023-10-14T23:00:00,2,4.8122849485984265,47.3547059647113,1.178495735399111,5.353619716450672,56.67329349692276,2.6491597749443714,5.881126453687642,46.76477954969393,1.28188294423962,23.734617043508994
2023-10-15T00:00:00,0,1.5777845557904644,45.473508458497065,1.291951303266424,3.165173406700883,56.94316871405987,2.4077771515296864,1.9373262166912035,45.893267826448565,1.3961701738502499,11.462579725120069
2023-10-15T01:00:00,2,4.605584188436943,44.57680161907831,1.2962044168778228,7.117731589067964,58.46578318187686,2.3475478942454333,5.439638720942016,47.14527663656657,1.3920109539712902,21.34911124407331
2023-10-15T02:00:00,0,2.083406188483795,44.0374833740281,1.2856537079576984,2.626160046868889,56.23852129810204,2.5405417747194594,2.327540728269462,44.74345150173466,1.268051980978007,14.663305842445016
2023-10-15T03:00:00,2,5.479175726576317,47.47661915900816,1.1879033661462615,5.925684311593159,58.73224780464709,2.5011779111146275,4.692460405738702,47.38836648541791,1.2759468736573676,22.936686393968753
2023-10-15T04:00:00,2,5.228250381449854,45.775250823620915,1.101415814269942,6.622870068664968,58.39126512966374,2.3319295194785687,4.908097427843154,46.563259156988956,1.207414579636527,24.35181240743904
2023-10-15T05:00:00,0,2.834578072822885,44.40340805787333,1.257360651087036,2.652405289377459,52.97745121115901,2.5577811137750963,1.872577991037501,46.328715140282014,1.338513024095435,11.625903967174557
2023-10-15T06:00:00,1,4.273769195888825,45.387129200706944,1.2157862859067632,5.586711427718875,57.79962930765795,2.5733213298504825,3.196240947809681,48.236943735883195,1.3426813239920696,17.972337657034743
2023-10-15T07:00:00,1,3.5358869292844837,44.56698152857777,1.1269155112302407,5.141567521087092,56.21068372057107,2.410181079665488,2.870699856643556,46.91460199419669,1.2269350920401676,15.780681009115348
2023-10-15T08:00:00,13,33.5978919102523,50.960436000564044,1.2833864831023098,39.1441922447588,61.31622790550196,2.4391950807292555,35.199743425502206,53.17890311359054,1.386035121496279,114.0270134389846
2023-10-15T09:00:00,13,33.9429027465753,52.471876628727685,1.2200137753585165,38.10988193343505,65.5676134799319,2.611455151565643,34.73375111968625,51.23670015340194,1.384016210304286,112.89179876929244
2023-10-15T10:00:00,15,37.314873299585486,54.14635105592175,1.2862280035783926,42.774766397002296,62.66484572324509,2.3752764894509517,37.76652387465822,53.566968201245324,1.2946814894771936,125.59596635633324
2023-10-15T11:00:00,14,36.60843167903203,53.171488564582276,1.2719400466254909,39.56731713050243,64.0631004892524,2.4638549508572134,35.274119883919894,52.682712015311516,1.223079786541406,116.18988595602787
2023-10-15T12:00:00,11,32.16164411623487,51.40100397921394,1.2444521443858738,35.037298821786116,62.31402977939003,2.460156377288667,31.388539139584534,51.7922668424776,1.3314121138272597,106.5399351112416
2023-10-15T13:00:00,13,33.59241565949809,52.623746842213734,1.2048070173628902,38.96925156861124,63.066859551227786,2.6413176154606512,35.457808561294385,51.678833284513985,1.3380458603468501,113.5694313735794
2023-10-15T14:00:00,10,30.777122968115954,51.52822514101272,1.2626841304707725,33.92701708206677,61.980179192154914,2.5879356398824855,29.171875950276416,52.515822553116735,1.2174505005270098,99.48056945731703
2023-10-15T15:00:00,10,30.282074312203505,51.498014657897,1.2710731160836555,33.940682663410264,62.73469518591363,2.6808735718487218,29.936215232499407,51.17280264697191,1.2112974165178723,101.23462973267476
2023-10-15T16:00:00,15,36.54830265812016,52.62017245896975,1.1253584312896918,42.59441304520438,64.99309644326837,2.6856040580701603,36.576201186774966,54.55627534699567,1.2361004444890802,122.28465371117684
2023-10-15T17:00:00,15,37.09266378788649,53.02807585348965,1.296906842907566,42.722280540437296,64.74767134154693,2.3137133683063427,36.79220650693207,53.34125948263187,1.3857510923079404,123.39558626662924
2023-10-15T18:00:00,12,33.86128402806264,49.161618868695435,1.164379794149552,37.1919158618408,60.90851547493753,2.678706173653606,33.088063999418445,50.385554331045384,1.253096258637311,108.70401235376985
2023-10-15T19:00:00,10,29.285291323043104,49.625057956892256,1.2009621238656318,34.923531066840965,60.39040071256773,2.5409560660084707,29.49558691755795,51.146263250121656,1.392375319205903,100.88136246985474
2023-10-15T20:00:00,0,1.26317287621206,44.13883892889561,1.2764414891679257,3.516360788415717,57.276093685340875,2.3145636557412907,1.9314639353839318,47.780741845277184,1.3085420615823442,11.438813818853893
2023-10-15T21:00:00,0,1.4155450871619482,45.897086979037624,1.1827508855611173,2.324156583132308,57.38325384418749,2.6564571326492854,2.932303021156598,46.23094481390597,1.3990895714766873,13.82251464718591
2023-10-15T22:00:00,1,3.3982279446500847,44.8276209712082,1.192188072866305,4.346274745917536,58.14937017389541,2.42637525973707,3.6745161105167172,46.22290333670199,1.2025031246424074,17.064730798074443
2023-10-15T23:00:00,2,5.714342586698937,44.50778747542226,1.2405338209155965,6.6390427399819485,57.80073260578338,2.5466489979266704,5.867976992789568,45.183500535885315,1.3512147757199608,22.663440414350596
2023-10-16T00:00:00,0,2.9621914718771034,43.02178926632821,1.1084648187991424,3.3871831524980385,53.72543241225117,2.534488552439637,1.4064118362499805,47.209746415223634,1.3539015187630592,14.554451445991603
2023-10-16T01:00:00,0,1.357359810783512,43.81992301521464,1.2337533453643605,3.752242517704893,52.20249916179016,2.330033104881211,2.5258132145161687,44.09506791720134,1.2352379780940876,14.132818414538278
2023-10-16T02:00:00,2,4.779862846539687,47.77842780149245,1.1242049721305216,5.952153109162168,57.153526179553744,2.3073395553176796,4.389050476231262,47.590347383610926,1.2581328181271247,19.301675853020964
2023-10-16T03:00:00,2,5.257098024265978,45.10804862913868,1.1331762907912395,6.356385906565524,54.66372377635785,2.3026439864241386,4.775845468433742,45.074548343552685,1.2952564795944528,22.19507337838685
2023-10-16T04:00:00,1,2.8837039120784747,45.9683559895135,1.1292011096916572,3.9959402172818455,55.20116343340358,2.4416032971954618,3.9311452611582256,44.619067658725186,1.3821080171931541,18.25460588438714
2023-10-16T05:00:00,1,2.685837053808628,43.551869695422624,1.2800331767882913,5.536286146935712,57.40499813641946,2.527573374101643,3.506685069482386,46.439551075008154,1.2282377572672938,19.28303603458513
2023-10-16T06:00:00,0,1.8246719672853529,46.20492659019479,1.1226236768843014,2.4059615441397697,57.72279586223438,2.452666749344644,1.0451412585769122,47.222223156015495,1.2163274528202266,12.785501212626961
2023-10-16T07:00:00,2,4.8877079472962786,47.342329148752064,1.288117606369963,6.345171325129381,58.853671940824185,2.372302707391156,4.382181037930814,45.787923705674494,1.2253869846907102,19.632638975064033
2023-10-16T08:00:00,15,38.21235688633474,51.507901947985005,1.261025001896404,42.25232722651078,66.150038749553,2.321799817419559,36.63670984750017,51.6516305529378,1.3931303758591445,122.69413082562639
2023-10-16T09:00:00,12,33.68124677975218,50.48455362190292,1.1810116783757372,37.754081660106706,63.8011150855867,2.311950840352642,33.094900172711846,52.33701282385004,1.386808184621061,109.59638709636933
2023-10-16T10:00:00,10,29.8065054719172,49.417510248557605,1.1194970944665263,34.0840056212426,59.672983703829594,2.694619099609903,29.01730039275682,52.85569945857827,1.379536901054121,99.14799737868385
2023-10-16T11:00:00,11,31.22348707495646,50.75181195301492,1.1280064309886122,35.11805540889036,63.33753994898137,2.3648483239352167,30.578790964100577,51.0311187582652,1.2171218870900384,101.88075766105405
2023-10-16T12:00:00,14,36.681940046199486,51.31617885298903,1.1379082252469324,40.26249337289032,61.45624578295225,2.4998343068721818,36.92507764093121,52.869291333904506,1.2576974479992993,119.44124886912343
2023-10-16T13:00:00,11,32.068971421884285,52.17335347310441,1.2663147803342134,36.53175769914219,62.64723271571972,2.524074357604068,31.447529820299106,51.19047491290173,1.312474847786471,106.397039242473
2023-10-16T14:00:00,10,30.913841809783875,48.22729990384354,1.1665628396950167,33.341222578706024,59.450183923119894,2.3514285967165787,30.970970339411345,50.01715281579056,1.2164451717481142,100.36613004620699
2023-10-16T15:00:00,15,38.06884125824028,53.998676708259076,1.2233399103572256,41.395268073867534,66.87941384323376,2.327149951237752,36.981032546693974,51.766506510385966,1.2507275644493716,121.47541562659559
2023-10-16T16:00:00,11,31.049039480522794,49.22062465395002,1.1491778349201645,34.66595126395696,60.72883714052472,2.3884836771427733,32.051844746893295,53.288155702367355,1.3638582930136227,105.69140319975389
2023-10-16T17:00:00,10,29.700450146045924,49.19835344541573,1.2941055299762843,34.05179757783061,60.85300271240379,2.4920005407099044,29.63140274762562,51.96089239007794,1.2064946607690112,101.2247490024379
2023-10-16T18:00:00,10,30.18131135330973,50.38994361572646,1.2097317564201124,34.96091823788808,58.20641538343804,2.6435237468903576,29.89885597070309,51.75883355240299,1.2393838069947638,100.31117857749207
2023-10-16T19:00:00,10,30.139129393321827,49.14373591662848,1.2052250436637821,33.07815947730744,63.677729756532074,2.689755396004514,29.390471448336402,51.79269558784163,1.387395014815571,98.11826249899154
2023-10-16T20:00:00,2,5.3204467045279,45.73989437817064,1.1675944876075683,5.304813268059204,59.199215856212405,2.596152225000955,5.843948051127882,48.306211010966564,1.3048867945664606,24.051078145395152
2023-10-16T21:00:00,0,1.6570323842502517,46.38951252870407,1.1110327332759955,2.7883875582524045,55.98199018994677,2.544509430085309,2.9972337444679242,45.71417150110133,1.2834303583410043,12.045204092701967
2023-10-16T22:00:00,1,3.2884258308582806,44.184742423537294,1.1188155834720699,4.003720401756665,58.473432308148155,2.4378753498836074,4.431745330624819,47.22976884513478,1.2423375255569815,17.245979044302125
2023-10-16T23:00:00,2,4.089971774491234,46.86401886976641,1.1347815565532686,6.770956564175895,54.01047903435828,2.3664562655759003,4.772066653797056,47.65022918876048,1.362274363331976,23.137333237004995
2023-10-17T00:00:00,1,3.767569325520148,46.94569531181477,1.1398554764634687,4.607082136378583,53.20019304440634,2.4224609620789437,3.1980995570390975,47.87425952454095,1.3243431376741674,15.884288023144295
2023-10-17T01:00:00,2,4.647730867711122,46.605531094686285,1.2548537993350304,6.685057440507716,58.37984754535158,2.541452334071557,5.942031573371335,46.946034264488915,1.2979428922471101,21.685005527941563
2023-10-17T02:00:00,2,4.327475788653969,47.04013308752065,1.1241368773902183,6.160070304300374,55.94257041103308,2.418841653826557,5.892091747803148,45.91792109536011,1.3367685026798823,21.525626451450247
2023-10-17T03:00:00,1,3.914679282705219,45.188416215396856,1.1164677548704836,4.797502180323889,55.182381972419144,2.6932215412617273,3.36533912730418,45.06820714408028,1.3890604504757373,18.50206694402799
2023-10-17T04:00:00,0,1.8948778007006744,46.61233021063625,1.2664663415353754,2.0672956620021763,52.20737068111811,2.358199491662856,1.0036478980046575,47.56945754074791,1.212161802229959,9.829929860315252
2023-10-17T05:00:00,1,4.454921057944684,44.775519625737374,1.182385988620359,3.771409718671911,57.12190081529527,2.317491059117949,2.9464514557272725,47.7427635525431,1.3132967209043218,16.450179888626376
2023-10-17T06:00:00,2,4.599883053486819,45.04574840907449,1.102212195218773,5.627185165224505,58.678218198964984,2.4427266215169694,5.911634367382433,47.5219143714944,1.2901283602876206,20.165492650947794
2023-10-17T07:00:00,1,3.7408812045289217,44.18368023530534,1.2622742014631425,3.6138317115022134,55.97184246851568,2.620329497524938,3.918479326339171,47.79223210603748,1.2811731386278642,17.65359327008705
2023-10-17T08:00:00,15,36.50345533839892,50.770861111631476,1.2503789188138814,41.657323428635486,66.96307107481087,2.650482598037526,36.636856692788776,53.84660075869993,1.3146934741042178,122.68143055854792
2023-10-17T09:00:00,15,37.99784000481428,51.30771546391269,1.1649907108139876,42.852410469369104,62.46652624337724,2.57470192651231,37.28039672499367,53.482945359859336,1.3221405305932907,124.59748977863465
2023-10-17T10:00:00,12,33.379318814339214,49.28732206611208,1.1725888936446198,36.466998720467814,61.85746609684966,2.483911553653249,32.63368889129342,53.62772635831063,1.3785238354180156,108.11970092789949
2023-10-17T11:00:00,10,30.49599802122897,49.67894873825782,1.1189716368111933,33.693384102340985,63.53267535197132,2.66234652839629,30.893712416868272,50.56692154106379,1.320847206906892,103.06969239372752
2023-10-17T12:00:00,15,38.08518362777247,52.272200025370154,1.2122513881595964,41.02449266929076,63.58492041361116,2.5564902821530677,38.35424191372587,52.1681112622282,1.2458483476507873,122.56917378423692
2023-10-17T13:00:00,14,36.53273597220139,52.073850250633136,1.259902533496669,39.468901873625725,65.84204851767555,2.3924233562762103,36.175088855496575,53.499039522163145,1.299522407703712,116.43388738811319
2023-10-17T14:00:00,14,35.09744125516715,51.158937269230606,1.284832081138176,39.80502698039788,61.02585429035566,2.6711717951725134,36.57505628559723,52.97429318321827,1.3952076665498163,116.0841240892514
2023-10-17T15:00:00,12,32.72230672977565,50.93323850437228,1.1728591491172706,36.36418095703395,63.72781950679003,2.361229613462788,32.64861441636451,52.36653595606455,1.302051935862167,105.98669630731443
2023-10-17T16:00:00,12,32.22808005964877,50.58513793931694,1.2264144771632628,37.65762974968244,63.56621207377802,2.438519778668996,32.43627802819107,51.552654917587226,1.2526265064678679,107.04588441929312
2023-10-17T17:00:00,12,32.9467489287756,51.16668647281122,1.165816347077073,36.371239716486954,59.67067580938196,2.6937286061259837,32.97519758745292,51.105466531135086,1.2962369974479488,106.35045417060142
2023-10-17T18:00:00,11,30.852105133336266,48.91578935307233,1.1251701413779494,35.33719705340904,61.440752230106526,2.308856155823101,32.21049845460797,50.50449963624072,1.319834637600986,103.04817756074895
2023-10-17T19:00:00,13,34.7090751764606,51.42707299031786,1.127224556958403,39.721280444443394,60.35276406451141,2.371493191756942,34.70099712906656,53.722958239524615,1.366658765234038,115.33624889573261
2023-10-17T20:00:00,1,2.977664133748907,47.34515680716816,1.2122962970183038,4.012717900445407,55.01925096313706,2.4041170032370967,2.9309158616398547,44.61957340708041,1.3993090589952453,16.9747274125883
2023-10-17T21:00:00,2,4.170370687462134,47.07114367515282,1.1819361899034229,6.168226907325472,54.218842085562834,2.4108821975867447,5.151826055082624,47.25370699428868,1.2320769823187225,21.522984577203268
2023-10-17T22:00:00,0,2.8025780038094315,44.59843591453711,1.295133217025045,3.6141534322384032,57.634320526319556,2.4438779898329788,2.7740683656388487,47.012947419787324,1.3512485413332729,15.558437648715447
2023-10-17T23:00:00,0,1.7628563143938096,44.15671018100687,1.2573435312554586,3.1002368494368575,57.4089145493534,2.6345469322423414,1.351665500519882,44.161358426240426,1.339976122297668,12.52113281065863
2023-10-18T00:00:00,2,5.9530086163855245,46.59332213552248,1.1178223184184528,5.464788826364239,58.976877948721366,2.4042671685092647,5.3175915009456665,45.86764730307167,1.24272042539614,23.026236653423545
2023-10-18T01:00:00,0,2.6903345988363196,44.028684753475645,1.2757879776477754,2.631253016048407,54.563594678891114,2.6872368290363804,1.860760788217909,44.445988835342405,1.3909119819583313,13.729990024011261
2023-10-18T02:00:00,1,3.7842957468159515,44.41409766808509,1.1991021443619179,4.335669992132367,54.05507395818799,2.5988941436717705,3.689986444079837,46.36522561180901,1.3302141454744492,18.01367071892134
2023-10-18T03:00:00,0,1.9469179466520352,43.42262617719985,1.1687993902430456,3.3342645231378656,55.671992469909405,2.5382368585923807,2.2497016557440204,46.3708593619176,1.3371834515011556,12.763156725865738
2023-10-18T04:00:00,0,1.1080354561197716,45.97946304045955,1.1686937475443167,2.5411460274971334,54.27315088602993,2.5132533964304327,1.184467878905661,45.712840543007076,1.2390938426080462,9.45960235299323
2023-10-18T05:00:00,0,2.6524670870057365,44.64156232158505,1.123067585150735,2.700434653596048,54.272955710080026,2.5003986920998322,2.1149560627083703,47.11197464673113,1.2351493745957163,11.80680308516252
2023-10-18T06:00:00,2,5.692106534498644,47.739731400168075,1.2677652133476278,5.331701093396474,53.524435768614076,2.5640080710114983,4.136501453022857,46.12112380956702,1.23847039135711,19.973945137883913
2023-10-18T07:00:00,2,4.643558167323514,44.683828542513204,1.1402898057892321,6.940223214165759,55.91973126361209,2.591336629362971,5.353393891633553,48.94239779434272,1.3523094345582125,21.246312119071206
2023-10-18T08:00:00,13,33.914175025690376,49.519369832024836,1.1689030812046928,38.49877389726667,65.71550187748231,2.6258595515775935,35.113524649817435,52.73280568457053,1.2953138685281786,115.37424269735438
2023-10-18T09:00:00,13,34.66803796774927,53.4903400882313,1.171068335035057,39.499548454589174,65.37916091663483,2.3291856782879696,34.63840662588999,50.87085095462017,1.2279289112952296,114.77546791887222
2023-10-18T10:00:00,11,31.98617623006647,50.723990942676814,1.1325124766634587,36.355571187573354,62.778290283989115,2.5922465489158175,31.570812986102275,49.656870370551204,1.2297300649906948,106.10869026349968
2023-10-18T11:00:00,12,32.91182074962875,50.33544461459839,1.2948806779315485,36.82604618760057,59.44154120844571,2.616096043691893,32.1481012849229,53.08231349538506,1.3939664547748807,106.55903877336489
2023-10-18T12:00:00,15,38.47904847713649,52.1089027413041,1.1586196468791405,42.24382989272905,65.76316039568344,2.6538120367266975,37.5884212992297,52.67330572300814,1.2086198296617299,126.29307713633506
2023-10-18T13:00:00,11,30.53483299337178,50.00321760033728,1.2705436768579526,34.6303687113066,64.34317463189181,2.333703499552651,31.533458332186814,52.11772451893549,1.2033678356852215,103.15351877586751
2023-10-18T14:00:00,15,37.00054332573532,51.88224193504959,1.1850913773553113,42.40604082836012,61.515911249596165,2.3199966779889074,38.07019947577966,54.13960637776683,1.3765956367775989,123.0569097378701
2023-10-18T15:00:00,11,30.50094468373035,48.81407541364191,1.156392411461614,35.9535439858502,61.91160428533686,2.6889838857588355,30.636109789312115,52.717248149483794,1.2736571422958243,104.04906317610542
2023-10-18T16:00:00,14,36.074064093626426,50.787865705261474,1.159937532548598,41.08431559962497,64.90576287957124,2.45670685339298,36.80891554819394,53.631710401131286,1.2343975730616414,118.40524781323359
2023-10-18T17:00:00,14,36.19412712719988,53.53062502164018,1.1009999799994765,40.514149561505164,64.18549542507219,2.4436091909553306,35.17779555458023,51.083781363226564,1.3079303044582484,116.49356220337688
2023-10-18T18:00:00,11,31.665430612075447,49.105780823766196,1.2866729818479536,34.69395319507147,60.088515621977145,2.662658371733276,30.567887773662072,50.194664784616805,1.3836170952867854,102.37084361928743
2023-10-18T19:00:00,11,31.40117897874373,48.81793077341021,1.1621248499236674,36.26886180162373,62.21106042926077,2.518028212230519,31.59275736064844,51.64556979557327,1.3735798242773227,103.46924348051559
2023-10-18T20:00:00,2,5.565748559130954,47.333860386551,1.1887213918274815,6.4999347191271974,55.12730306725162,2.4298582085542653,4.776615966814097,46.79287329297165,1.2206623811391386,24.439616923433668
2023-10-18T21:00:00,1,3.5564728997831088,46.23995367041809,1.1038182020724083,3.865170637483762,55.3939116216735,2.3075345607382025,3.9560122314112034,47.98734154169794,1.3911150912052679,16.579676785565894
2023-10-18T22:00:00,1,2.8001199854173526,45.05086304090374,1.1403864407592674,4.0511330120801645,54.515544823356244,2.413628612288753,3.4226394492644916,47.1016188003898,1.2849507712719495,15.153053990124024
2023-10-18T23:00:00,1,2.865806362019607,46.30949245490516,1.1772134945754316,3.7994457297319335,52.64725236805076,2.616548628467883,4.487480463612915,46.962320689614195,1.3180346077168017,16.554580874962223
2023-10-19T00:00:00,1,2.528336104498279,44.91465394058527,1.2531294013196534,5.196239858764671,57.59161563300444,2.412207669386675,3.688585970315151,45.95461029854355,1.3993379915449415,16.833205519776065
2023-10-19T01:00:00,0,1.0493247881242074,45.21243661075124,1.2529528578468985,3.1713508973629096,55.563934396757396,2.642201849319349,2.379450302678249,46.16418435097654,1.2606608001166981,12.06620907148887
2023-10-19T02:00:00,0,1.2480564648658952,45.85614609190939,1.1370548203939117,2.1532071746838413,55.36438856785678,2.3961789896908696,2.3788747269823505,44.05345682012554,1.2891890064300302,11.484422526440639
2023-10-19T03:00:00,0,2.4268151927622434,46.340703851665964,1.2668564770993689,2.165438300408023,54.68660645961077,2.3148786814952964,1.9761915576928648,45.8488407169357,1.3719876964734572,11.47312063248237
2023-10-19T04:00:00,2,4.140383502067311,47.0848752405716,1.231124165243798,6.776167072854914,54.261096177949256,2.6639384748613493,4.3098594484814035,45.17875335899471,1.2446745167855926,19.520161135318222
2023-10-19T05:00:00,2,4.008550109125232,47.08196953818052,1.2715407513215282,5.390796476779486,57.07840321055371,2.5404939871395276,4.581494992001434,48.70146812727709,1.2760036780489599,18.3716158627881
2023-10-19T06:00:00,2,4.8895027664496435,45.88542300262738,1.2512659860431394,5.679283362546712,57.51786226826829,2.3207903110789,4.077992657603181,45.691952078646075,1.271972238854204,20.65468795080585
2023-10-19T07:00:00,0,2.107821747112291,46.2287905697533,1.2538600860819316,2.493241399007724,52.929319908962796,2.695178458008549,1.563779202172668,47.51943740244772,1.2288099201114902,11.90700388829211
2023-10-19T08:00:00,12,33.21577790087132,49.62821196864837,1.1463952924036147,36.306486006531486,61.55794671408577,2.460315376355767,32.63235916561074,50.89081423674523,1.2810029909780678,109.08865834714526
2023-10-19T09:00:00,12,33.41180295669298,49.66304717817924,1.1519558643219459,36.376508877527556,62.97745963320955,2.379524443875413,33.75588928354439,53.52996705587376,1.28065636708408,110.48017822012916
2023-10-19T10:00:00,14,35.487208731492125,52.05932018480785,1.2179256455294893,39.816642973256194,62.38514561175003,2.430809992487283,35.032761529518886,52.46785819540748,1.2366026369431322,116.64157945355547
2023-10-19T11:00:00,11,31.885997203834286,51.05378388442577,1.20554613963253,34.980448469226474,61.903329609150006,2.4769672583831484,32.17504244431898,51.84843691731178,1.307886742593063,106.48893511895376
2023-10-19T12:00:00,13,34.0244045823501,49.760297669745384,1.2128298934940287,38.37079380437373,61.447229755804415,2.5299281347399267,34.658773269897665,51.226697470354615,1.2555502066539554,113.57463562273333
2023-10-19T13:00:00,12,32.56196627017894,52.434669200228996,1.2928129803242427,36.54352585201029,59.39176160841535,2.3882348469386026,32.3147088722333,51.97450322099982,1.2114385922198343,109.38819412699821
2023-10-19T14:00:00,15,38.199346758784856,53.556888660078656,1.2738873411008285,42.707177270911174,61.34904874104341,2.3642726146864814,38.1066046399982,53.12322379264444,1.3513871097188843,123.92879841385941
2023-10-19T15:00:00,12,33.06450248832546,50.24698790935426,1.1325313764701204,37.91150135342018,59.20557254220577,2.412308981393634,33.73156589570686,53.83724499918758,1.3594137421146744,110.09358021247024
2023-10-19T16:00:00,12,33.03877019608002,49.72416349749448,1.2241405497984301,37.87891718239141,64.43463037762065,2.303402565094159,33.21158576651724,51.03120842923807,1.3277590044087126,109.74928722320719
2023-10-19T17:00:00,14,36.746004900087655,52.8702700899034,1.2592960138145903,40.64772967902043,61.29931473729704,2.5997791505557455,36.3567314894987,52.744717767295,1.3200753924098039,121.47606069415471
2023-10-19T18:00:00,10,30.895605751137587,51.01413196406105,1.104829981598046,33.41290839004404,58.60620373945692,2.449151683516023,29.21804050900666,52.7749863892067,1.3542937969801212,98.13440435579096
2023-10-19T19:00:00,13,33.58885883203532,51.697576884147225,1.185998442342044,39.5330384767487,62.071296456107916,2.6215608959380274,33.95867312485125,53.843875092106536,1.244747390840059,111.17492394935795
2023-10-19T20:00:00,2,5.263225638157706,44.63833542440915,1.2745519110327734,6.272004107619111,53.53702092914966,2.410599443516183,5.967298142140459,46.67524560213086,1.210958042067733,22.76526585756175
2023-10-19T21:00:00,1,3.4761256376461933,45.31312017465758,1.2536539087432788,4.731231327027341,56.979985147500216,2.5842533790175777,2.8401731605752984,46.37461271365226,1.3947387843995203,16.408329352496168
2023-10-19T22:00:00,0,1.33983457085035,45.48367223730134,1.249826877413406,2.2548095862904347,56.18204099975566,2.371052789738476,2.1136757568197195,44.746839573116844,1.22405680263383,11.19142204405302
2023-10-19T23:00:00,1,4.224133360237518,45.71345434682475,1.1721211062619303,3.662918777250071,57.06814204225146,2.4982616472141568,3.032959143283994,47.472612560405494,1.2043810502599455,17.449141871478446
2023-10-20T00:00:00,1,3.310611619751885,46.51477345586348,1.16701679918845,4.661344807631265,55.718176837105396,2.6746897408076076,2.993032417678327,46.5454123107418,1.321372498749079,16.50560274506423
2023-10-20T01:00:00,0,2.4141574691296146,46.72367089607089,1.1357369411893656,2.5860525620077137,56.02512828829899,2.590241549586404,2.306066165767363,45.9166280435535,1.2598744812694318,14.636207112386781
2023-10-20T02:00:00,0,1.8522817527570865,46.29292154549451,1.1247919659079033,3.940162120840002,52.33408026215045,2.467874518976467,1.2222728591498087,45.86409726972819,1.2222990803061098,11.818522156426031
2023-10-20T03:00:00,2,5.250756281543531,45.370101230816836,1.2154102269977984,6.674927055585273,54.7443062341736,2.4272640371280865,5.107235987177079,47.04066250579581,1.24766831011892,23.588892746356564
2023-10-20T04:00:00,2,4.928942749532273,44.60687872156714,1.1489022590780933,5.828000728334962,54.17759142734258,2.3505420133839863,5.721509134262485,46.607184664889346,1.3009606393028277,23.53069884152303
2023-10-20T05:00:00,0,1.876591218235251,44.953256955726346,1.2923393843696798,2.426574133074557,54.93841129592972,2.6089937460507158,1.6076425533257872,45.83603574947297,1.3647403690860134,11.777787623261826
2023-10-20T06:00:00,0,1.245137545622083,43.94574228399388,1.1316535191633774,3.2751212487860624,53.03531801867215,2.3859610028058578,1.4153497161595743,44.12109050439739,1.2656558975207695,12.747563210344413
2023-10-20T07:00:00,1,3.2130617526191263,47.44337750445874,1.1933439904311078,4.21482188293561,54.065060389711824,2.4552864197926594,3.272713081489817,47.148391941536644,1.2211008273641315,15.713406439601584
2023-10-20T08:00:00,11,32.285865572825315,50.82029121922362,1.2537338048507567,36.520379795720416,63.5345393688261,2.5996362731920453,31.005329798189887,49.71500078981447,1.309740643842266,105.72206364851954
2023-10-20T09:00:00,11,30.965008287101703,48.77903890828464,1.2951638330404527,35.57760557921554,64.46116081065203,2.6960609956302455,32.15134109844439,52.9031834121656,1.3008430219589182,104.71369636150152
2023-10-20T10:00:00,10,29.943742351011903,51.19074845787208,1.170672644580975,34.27121541741289,61.45700347946663,2.575309704398003,30.566703206341025,52.982006424861616,1.354629037632864,100.20543941889969
2023-10-20T11:00:00,11,32.26882409437468,51.40259524774493,1.1984633282226291,35.37580182986186,59.654515470954294,2.6832091882717117,31.999325483102737,49.95009136393145,1.3293579606239514,104.53729602096087
2023-10-20T12:00:00,10,29.08398734424771,49.64645028254196,1.195919645661251,33.90447544641557,58.968471054792296,2.504203541859813,30.35951176947713,50.99676736581557,1.2110757941192416,98.77375356501545
2023-10-20T13:00:00,14,36.78794582112222,51.050634075565895,1.2300466357380886,41.303558640398194,64.26913700131442,2.486192811329668,36.38900466688951,51.25866717105277,1.2664196834003463,120.55237190055844
2023-10-20T14:00:00,15,37.96269149451762,51.34479859932128,1.2242289884343869,42.90404384046549,65.54209567935565,2.507543080139378,36.92099161498306,53.581112006518154,1.2830525567314035,122.16794632104754
2023-10-20T15:00:00,14,35.32432282818995,50.40743424828159,1.2560765403042191,40.94624003192098,66.14302363307209,2.3798356496476165,35.29134828628951,51.18778659833535,1.3443027653733166,118.03184261330873
2023-10-20T16:00:00,11,30.769548753117324,49.58145815915124,1.2669554533100906,34.680089894807615,62.89507257723073,2.675978282088508,31.813064936542627,50.29988075460113,1.277161286428918,102.98309342697891
2023-10-20T17:00:00,10,29.155656901807514,48.45740252283927,1.1250218443009998,33.41342205470515,62.734478141984425,2.6390219236727726,29.239990095379667,52.02134013952173,1.2399304777078015,98.04025408359773
2023-10-20T18:00:00,15,36.61885261129267,53.721982342831865,1.1866842897800722,41.78914729795501,61.76781735783194,2.3499368098876636,37.09645473133028,52.19834304971736,1.2923869776508525,119.89385191868246
2023-10-20T19:00:00,10,29.46799226075476,48.053615665327015,1.282740663405121,33.389638597800754,63.71919302571466,2.3969673897033057,30.11765651021141,51.87868433473527,1.3195810951164386,100.85844275066454
2023-10-20T20:00:00,0,1.9756343261560179,43.39832387251718,1.1993185204831576,3.296821033570432,53.5954336603599,2.575493700223645,1.8118376704005323,45.568167873882764,1.2412229258569198,11.980924609840761
2023-10-20T21:00:00,1,4.340127856434801,45.46228319288433,1.1036912004602193,5.411191243572283,58.21204579222701,2.531825649410944,4.206395499384433,45.12340144557748,1.3667623644450153,19.420294289274246
2023-10-20T22:00:00,0,2.0904602678507187,45.48566769363627,1.166602718254941,2.7268730619942345,54.71388559531951,2.62557069176626,1.1546666044122926,46.84751966439237,1.2266927528016596,12.629485557775315
2023-10-20T23:00:00,2,4.932171445145809,46.086116900350184,1.2600082200649751,6.086483928021121,58.59031397459733,2.377398745304451,5.153668858751628,46.35028116634365,1.3224614657583382,22.836882766073188
2023-10-21T00:00:00,2,5.455723371116079,44.30756990400093,1.132955779601589,6.186079478917446,57.85901468995537,2.5471259549443652,5.614371312614611,47.32641397792151,1.2547793166520522,25.008750969108483
2023-10-21T01:00:00,2,5.335975165382819,45.45918710061652,1.2644411580212864,5.315793026185445,57.629682265549874,2.5352814019912953,4.1164950948428505,45.481150150329654,1.2634676393040998,20.82046382863966
2023-10-21T02:00:00,0,1.1657849988641484,45.58558915828409,1.1344787314294347,3.8991179631039508,57.60254636398232,2.647740776771104,1.8864920169615425,45.42853390613457,1.388892345612655,12.463095249931245
2023-10-21T03:00:00,2,5.727830159812893,46.03024823279167,1.2601444464890068,5.284959282678205,58.502839641663485,2.397401570772687,4.842317980034813,45.97230152157881,1.2949609802566524,22.043412261747207
2023-10-21T04:00:00,2,5.261579435240827,44.171076465401704,1.1950701521001954,6.050312911076723,58.225715064431256,2.4995248366388614,4.713517921159436,45.40613583871975,1.2375727967164791,21.369760126649922
2023-10-21T05:00:00,0,1.3224969804971907,44.856010278712155,1.2339708048302414,2.8460896888975187,52.0171868881857,2.500395894818251,1.524316705314312,47.32323266818834,1.3619949112654153,12.759912307733835
2023-10-21T06:00:00,0,2.144675040381994,44.4526841205106,1.2560328792584086,3.2192135257745256,52.075206992691385,2.646837113723356,2.6401943136590367,44.93395441732262,1.3987611887740659,13.884395482187173
2023-10-21T07:00:00,2,5.385714679537642,47.886698289425084,1.2689172722154791,5.897236504228904,55.31806291660307,2.6846443214585776,4.625760705198516,45.10564217008109,1.2417726485502236,23.606458084771607
2023-10-21T08:00:00,11,31.41831632274287,50.93876446421413,1.2070049348904757,34.90263513441202,59.44119090712679,2.667327400740812,31.951306969303513,50.459540964877256,1.2965697283968312,104.48303568217295
2023-10-21T09:00:00,15,38.164535966383035,53.01647467844451,1.270004927129388,41.94563855508065,64.1364447247998,2.374438352402637,36.61027870183273,52.61871407673187,1.316500762331087,123.68821714248732
2023-10-21T10:00:00,10,30.817460341632284,51.00729031597259,1.1592916559499802,34.54954364185004,59.42378905020284,2.6537993651956286,29.29553779383955,50.43154616113173,1.3145866448784258,102.16544526465746
2023-10-21T11:00:00,14,36.52730612170481,50.744176766148776,1.1512066646259935,40.244531450989825,65.99805068012634,2.5754671168144654,35.075418089690814,52.13730526993559,1.3793013077686376,116.79318302776956
2023-10-21T12:00:00,10,29.45372389665443,48.13135978294167,1.1837012826243345,33.30130630785202,61.9386238097852,2.3893326989268204,30.558553721229995,49.78163680542197,1.2391668996507095,98.59371872441571
2023-10-21T13:00:00,10,29.77891630841537,49.79056675311943,1.1007636944228252,33.74880390907867,59.04011966795444,2.4726785683097185,29.250845255294927,51.151278582356724,1.3529981870584662,97.43549244141194
2023-10-21T14:00:00,10,30.555421808889704,48.76614725514624,1.1936866579434608,33.176737449589496,58.989302334265325,2.4898403556140343,30.841246512021748,50.47151158734216,1.2798117819604269,102.1639362435451
2023-10-21T15:00:00,10,30.211132137157083,49.26722754093116,1.2044799111272737,34.56401731122084,59.760447495918605,2.4370971743389296,29.905119290396474,52.16727079859106,1.3517658839547677,102.5084964071839
2023-10-21T16:00:00,12,32.983919896469324,51.230205610997416,1.2465529048742752,37.542991695710086,59.491223292993084,2.4428540699963373,33.92162166062194,51.74464275684093,1.2737224946501542,109.52756827239953
2023-10-21T17:00:00,14,35.7954439542725,52.62038142719535,1.126461142134224,40.267341078838896,64.76681276811034,2.5538924789638404,36.44668804133389,54.925451096113356,1.2815518708619487,118.93805043122356
2023-10-21T18:00:00,10,30.57191163685363,49.90816184867138,1.1863798321708228,33.02974060557864,58.465025064942274,2.3220847584809343,29.48513762069258,49.38986869667004,1.2288160312075551,100.52738070050906
2023-10-21T19:00:00,13,34.79438780091942,50.107242650760334,1.1674492521834667,38.53447467907171,60.793662997016405,2.345289211690051,34.90347834794838,53.41004668011579,1.350845067814722,112.87350543536847
2023-10-21T20:00:00,0,1.7570807427053687,45.85285832921763,1.2774263657754454,2.68445126730859,57.15544470528512,2.421993130327323,2.6839195840129966,44.15891049211598,1.3141157219126511,12.012270685317159
2023-10-21T21:00:00,2,4.047374769065415,46.2794139643883,1.1808095750875363,7.065519463276094,56.547081533223576,2.6895027393593622,4.733915271951856,46.11167792193284,1.3586629133707981,20.714008575276313
2023-10-21T22:00:00,2,5.730020492404097,47.96296847723412,1.2307689917623266,5.601542084592487,56.74349832191325,2.5309367740953004,5.123272043301563,45.92150447684343,1.397675511242406,23.21033096039863
2023-10-21T23:00:00,0,2.8113468671788304,46.33240168781499,1.2787842770148592,3.3556812687828526,55.85004482611843,2.4507393997121785,1.6932026735506949,47.06982618352354,1.264544783344598,13.44064611906169
2023-10-22T00:00:00,2,5.9628878359531186,45.87238193656701,1.1775127674382149,5.872139712180735,54.1349898747214,2.3548349910903346,4.008153168033333,45.53745982588509,1.3254290796649688,22.049097546740633
2023-10-22T01:00:00,0,1.786735717770971,46.571216480178784,1.278273962729335,3.483121337726695,52.85150634188191,2.3532437484644655,2.996031043913206,45.612411818833095,1.3195357687971412,14.959870268404355
2023-10-22T02:00:00,0,2.438510475426453,46.88562452262931,1.139956253952996,3.595250342181755,53.19061632872694,2.4602017213173673,2.7773917332509335,47.192000944758995,1.2228144476896574,15.229308476637883
2023-10-22T03:00:00,0,1.0769046632341563,44.47618333677138,1.2086777975552028,2.875182421984549,54.51616142244471,2.644800163644306,1.0119595176681453,44.33474259446163,1.3278370496997245,12.677947256050278
2023-10-22T04:00:00,0,1.688392707782588,44.39258879659498,1.2385560889686356,2.993314599683065,57.16410628785535,2.375631417938603,1.9848463321799668,45.335177678309435,1.276125635033912,11.378560994584848
2023-10-22T05:00:00,1,3.0332172373317094,45.8152275997095,1.2832739297998335,5.4715680336235115,54.13915107543725,2.385081758569485,3.697391234504681,44.97777134765178,1.2690448572943172,16.558625611952802
2023-10-22T06:00:00,1,2.6575139054252475,44.12703858732895,1.2153963467333229,4.181472338623809,53.88851762218665,2.586275065541245,3.6190647893801775,47.28829079904281,1.3254566596035147,17.75413711220937
2023-10-22T07:00:00,0,1.5488525407636247,45.400898983757685,1.2744620123186052,3.199159159566391,54.31825356834978,2.5973849116374437,2.6317308637441448,44.825037653708314,1.2559653989760224,12.923615452523556
2023-10-22T08:00:00,10,29.817160439616668,51.909275647053974,1.169072924151102,34.9957978459207,58.30305366380651,2.6418938076373775,29.761011205362834,52.4129467524275,1.3982801031458827,99.36285405990458
2023-10-22T09:00:00,13,34.28190100203615,50.98908242516298,1.2826494243793554,39.622443935587505,61.68200824789964,2.4323846493521275,34.970969052324236,50.766985923577955,1.230721741072296,116.61877491150544
2023-10-22T10:00:00,11,31.542341954530315,48.79137352586368,1.2082830323278404,34.65127142695762,60.78786598432137,2.3573589610311867,31.467619122131303,51.1777071983158,1.3654022754948754,104.66665409496268
2023-10-22T11:00:00,13,35.11040014797021,52.35836579635054,1.105733108131788,39.58107429508543,61.52958106082261,2.3436812068193436,34.55179579756887,51.73854511811868,1.3959609010591936,115.96186255703459
2023-10-22T12:00:00,15,38.23203597845301,52.72807383521959,1.2402164376990374,41.057746553077024,66.13226306651578,2.469683219454378,37.20092005317808,55.02372358079666,1.3492544580458634,123.63009658680787
2023-10-22T13:00:00,14,35.18014626677328,53.33927110766875,1.2966473835259384,40.44581799923428,65.86028054476292,2.342212709688645,36.738387987256175,53.45464260856843,1.2089060438145325,119.49858768132034
2023-10-22T14:00:00,12,33.366337344410596,50.69643663693198,1.1763806083551964,37.7791972499307,59.50150180997984,2.301955912442145,32.29496379074291,50.419308097301,1.3943214159675525,108.63922772504344
2023-10-22T15:00:00,10,29.408737214140857,50.362854583667975,1.1968164922489792,34.68625486607603,61.2849156241141,2.44954101283787,29.196729510580987,49.76113394118918,1.3016168904757448,100.63171298356903
2023-10-22T16:00:00,10,30.965584972920958,51.1630528782908,1.1409426124242201,34.91495106386224,59.310713799463784,2.530590706629437,30.688564585966667,52.548397278234,1.3653338486235054,103.53114657542567
2023-10-22T17:00:00,15,37.88449447776975,54.19064896622623,1.1072238658868623,42.84917868698899,65.87808265287057,2.698209021158238,36.95304385472991,53.12014917107472,1.2921707319347053,122.76474679145758
2023-10-22T18:00:00,11,31.08012166023603,51.7782661098709,1.2611445791251354,34.80923963644655,59.799863228319985,2.601614228734174,30.8749052635639,51.07589969371465,1.200587999905869,101.22993973022417
2023-10-22T19:00:00,15,37.94889979322619,51.282453842704705,1.255875742723282,42.82058299110581,63.38255591249286,2.402823451334968,37.23954784931205,54.89845044436878,1.3227741086904485,124.39793987766657
2023-10-22T20:00:00,0,2.9553360870576117,45.07570704482494,1.1633794401113065,3.931909699095835,56.307188960273855,2.4759130038937713,2.725580237921827,44.33190526768537,1.2184348401519,14.329926684583604
2023-10-22T21:00:00,2,4.963106119583536,47.869900958237544,1.1435455306811417,5.977209315056235,56.22055504072981,2.4754255274257577,5.200489670456444,48.39900120388927,1.2600235028374978,23.644418880193104
2023-10-22T22:00:00,1,4.3861838468573,45.3443977450646,1.13142310493549,4.386440580122667,52.7703961637132,2.3187401738161233,4.225911154584633,44.74621687843452,1.2867947270371445,17.36252597967224
2023-10-22T23:00:00,0,1.335683505629494,45.82196283191375,1.2072020461407411,3.273741759272697,53.217582340258254,2.6022622853388793,2.8896893475609673,45.71723891097519,1.3366439026933168,15.175085770157143
2023-10-23T00:00:00,1,4.200519190709899,44.358695035249305,1.2197047021977696,5.146226333431283,57.41704812971467,2.3590723232383395,3.5831789914465277,46.35445107918862,1.2172294370836734,19.71612600870124
2023-10-23T01:00:00,0,2.4614905673088208,45.20658535034477,1.114972771437923,3.3096165771540145,55.632187675403834,2.345886852459369,1.7880165753869415,44.12263953546864,1.2565129665107195,15.078581426003229
2023-10-23T02:00:00,2,4.403374874085426,44.84040155441212,1.1692982543991803,5.8527117787045615,53.69649529897018,2.581590959256907,4.799562752227378,47.45252070141925,1.2941742877210927,21.36633937193568
2023-10-23T03:00:00,2,4.234528169451786,44.745941277164896,1.1393307479718313,5.875960450262928,57.43715955117121,2.3062323284614914,5.9696532037078835,47.35102026756345,1.3906855132647058,22.59160170298798
2023-10-23T04:00:00,1,3.533854661017184,43.640177525188,1.235900486634208,5.417015709547915,57.784980202473285,2.532567372250411,2.9689484780896045,46.35440499570061,1.2027760842239572,17.838601902488165
2023-10-23T05:00:00,0,1.796672628555477,44.24763220679453,1.1659924387754723,3.7256978468782833,52.19791411359878,2.440859213314304,2.0143307782273876,47.3424590590444,1.399878044647397,13.45979385196761
2023-10-23T06:00:00,1,3.131508667863204,44.41763948433264,1.1237902924286542,5.274943177488593,53.44670822894751,2.3817900932426372,3.66139741244495,47.108890340136185,1.397410613485474,16.262395622875587
2023-10-23T07:00:00,1,3.0782715423851306,47.108207704118925,1.154580533395338,3.694054782525193,55.61217490184107,2.3398799533746866,2.8967849295614307,47.60668192724889,1.2546131220632355,15.789931157355308
2023-10-23T08:00:00,12,33.45145713705822,50.23206469943136,1.2956257168203338,37.357369681275,60.109247779930485,2.525494039834211,32.02547747874521,52.60266287997388,1.2963748956043881,107.83172689580688
2023-10-23T09:00:00,14,35.322998558141094,53.710278073662145,1.1520699205510956,40.660364276487556,65.3802235385923,2.657120446299127,35.498323312266436,51.268286822603585,1.2605614066162485,115.83577164543128
2023-10-23T10:00:00,11,31.053595604571314,51.43573305141859,1.100323714105697,36.09430841002983,59.36059456021545,2.64231532647052,31.02128383606379,53.05183093567453,1.2549435932753732,103.01256981939363
2023-10-23T11:00:00,15,37.66044704855145,54.43851740721157,1.2605070910337481,41.30831072512044,62.1336595545706,2.534770324610755,37.1163813188916,54.97280188784718,1.2867745106252377,122.04956872218732
2023-10-23T12:00:00,10,30.109873392500624,51.43427630297833,1.1424723767763483,33.09660459051466,62.68062318588323,2.437245249904825,29.756690178291137,50.64925015810212,1.312980718334632,98.83446933591969
2023-10-23T13:00:00,10,30.308653033363044,49.57309267712403,1.2681211703627042,34.12523824614976,61.88994229625547,2.629608004077749,29.087376029303947,51.153656501037986,1.3578895046773438,99.86071053182503
2023-10-23T14:00:00,13,33.54899168598572,52.56053632726731,1.1351877515041786,39.678853970534846,65.6835457315454,2.588640767467778,33.57091138631402,53.81466542773568,1.3124943906237974,111.61964241027644
2023-10-23T15:00:00,12,32.11273858389448,52.365027739616714,1.2407542148516064,36.89304802632029,64.04384095914966,2.408146764518482,32.837911908382694,53.634515549837126,1.2508954628382556,107.96445454017879
2023-10-23T16:00:00,15,36.707334249493314,51.778639959715676,1.2321041618001682,41.44806616390139,62.815456713580005,2.5449901637391243,37.79952961710783,51.927652787901636,1.3463538058482167,122.93076033499582
2023-10-23T17:00:00,10,30.194644026717405,50.216148386772865,1.117034220274748,34.335979765058575,63.195450875339134,2.4067519342821,30.397246132113008,51.71010468235507,1.221531198419964,101.21525454887899
2023-10-23T18:00:00,15,36.721304181185836,53.399278931843746,1.1530495950844966,42.23167454470495,63.2486413730167,2.5663120921127875,38.106013134643895,52.06925638709578,1.3420023571791926,121.63869120641186
2023-10-23T19:00:00,13,34.857683958407065,53.44510605198617,1.156673172475643,38.43666923695015,62.01597493024827,2.3878806713345617,34.54871571567782,53.43263463564723,1.3039348879442947,112.87467823008548
2023-10-23T20:00:00,2,4.234826657269034,44.42445298711297,1.273762831031967,5.557988191180688,58.00616346623733,2.6531012616671044,5.664108850350306,47.78580992719079,1.343009739204849,21.042920829351456
2023-10-23T21:00:00,1,3.3788970293392597,43.727836197075696,1.209474944190018,4.119716430035368,56.192315922189955,2.4446508592431337,3.4744289065954863,45.81904572696771,1.2362918078717557,15.113148981320686
2023-10-23T22:00:00,0,2.9085198745326597,46.0540562336327,1.1443718463379313,2.1659703756333055,54.339256502756136,2.607156288581744,1.5618934872940458,44.89181001249159,1.2811039557302635,10.891272496281744
2023-10-23T23:00:00,0,2.079954932455588,45.5903414973394,1.2576626867997458,2.092434140213058,55.04797496016111,2.331846250042527,2.5155710976563395,46.609944220887066,1.3682629395606871,14.593237321723574
2023-10-24T00:00:00,0,1.0764699486516278,44.242939266918725,1.2861991359311267,3.256412288391564,54.40895238779912,2.6367101673653925,2.8166982296479475,46.73844359788559,1.3793505291480324,12.012304656528032
2023-10-24T01:00:00,1,3.5122271268364917,44.906467938256235,1.1121219851351625,4.397685223143096,53.26780096423272,2.430863519090412,3.4358654635893267,47.82656861863247,1.3664277528425883,16.1650833530228
2023-10-24T02:00:00,0,1.3158104421537002,43.411247160626814,1.256188079945809,3.6299659640482895,55.99955630922011,2.5301291525870844,1.4180241597088319,44.52350689966582,1.3529804092672235,12.61097808702759
2023-10-24T03:00:00,2,5.783130991554735,46.10310499280288,1.2571465385562997,6.26890157121777,57.17727975750558,2.597732254321156,5.687418223383676,47.05000996083161,1.2755017801496227,22.16671055863324
2023-10-24T04:00:00,2,5.521781147044969,44.51230260494599,1.1181496612942374,6.1433736871906195,54.337364629519456,2.324330519917578,5.622556838576543,48.73043236894557,1.3135447250130463,23.237086422635837
2023-10-24T05:00:00,0,1.6513173889054524,43.870121204141924,1.291783734705945,2.0808606899742146,55.95800982739701,2.6565366463754847,1.7240316847986814,45.82947886440746,1.3152655304004317,13.32880026876534
2023-10-24T06:00:00,0,2.1030842341403684,43.71615717321658,1.100315501764193,3.5367912639391843,53.33402423858036,2.556029573341947,2.2661632487396064,47.08500682752915,1.2821268737923808,14.288978631777905
2023-10-24T07:00:00,2,5.56900918043412,44.65166021039472,1.1689552637875045,6.378333057652428,56.14594458818563,2.6012054665716042,4.836706028668762,47.45764082309283,1.2764311016262992,24.239246403197225
2023-10-24T08:00:00,11,31.852312094626296,49.89230415153227,1.1248867061343482,35.99862237279579,58.7213062908991,2.5064710459502053,31.0099231642048,52.53440057243911,1.317767702590023,105.95982413639297
2023-10-24T09:00:00,14,35.32729488317797,50.51975458387544,1.2511973080099137,41.03195058180984,60.96758444724041,2.4394447281107814,36.60497004615164,51.172169337986524,1.36286647311541,118.62110444908191
2023-10-24T10:00:00,10,30.619799084609944,51.244323477208304,1.19142627359739,34.24298387074574,63.21762281009808,2.4977926524266043,30.51913668521894,50.37017976701785,1.2709605410418963,102.86396849914064
2023-10-24T11:00:00,11,30.947776943338198,50.410322618359565,1.1916480396890177,36.21967644090664,59.41174871637383,2.5499197327675835,30.610940825162942,52.8161141141198,1.3310523801870744,105.72997561227793
2023-10-24T12:00:00,11,31.29319746024815,48.77741839860025,1.289478517069576,36.24925007683574,62.62008949934712,2.563523722487179,31.256739728850437,51.426695792355055,1.3400080237104042,105.34174002611702
2023-10-24T13:00:00,15,36.78528662800077,51.12754004078556,1.217121479972653,42.49535079424007,61.80973730517218,2.3826853361682274,36.83501142920275,53.33650943938534,1.200404774639753,122.40549591342759
2023-10-24T14:00:00,12,32.66304885124745,51.39098661601382,1.1908689414596971,36.998901655626234,60.17063624386698,2.382010895597822,32.488951152504285,50.53272611198612,1.3586762271376112,106.97898668199582
2023-10-24T15:00:00,12,33.69036878248468,52.49322539270268,1.2865399048179242,37.08205690683435,59.89918869183482,2.3987481615200643,33.363054230284824,51.99522414602757,1.2492952335001253,111.95141030814908
2023-10-24T16:00:00,13,35.20103847208877,51.370561709940006,1.1681118775741826,38.62101972759217,64.13739246792203,2.6552566782747724,34.99260533344406,53.4455870423923,1.353306110813119,113.06983405121993
2023-10-24T17:00:00,15,37.927242412115866,52.46944572013199,1.1163867087289296,42.837169786933686,63.224717066657384,2.655098673601067,38.269193387607544,53.340593452774925,1.3943840006521293,124.87498698940634
2023-10-24T18:00:00,15,37.55757727091879,52.214810619077106,1.2679649337201047,41.427144208469755,61.799491717569914,2.504918282043886,37.073777904018606,52.81986695828773,1.2763601355214675,122.21165653031122
2023-10-24T19:00:00,14,36.277889221570064,52.28265956554745,1.2426272212450395,40.43824522015484,65.4704635812935,2.482950978606651,36.92985160822367,54.578051354623796,1.2325852581463208,118.7795855417225
2023-10-24T20:00:00,0,1.9096793663557754,44.987083775414064,1.2930612532278773,3.855660482537678,57.87357743288513,2.6653365163443015,1.8666015147789978,44.402118036003685,1.3535931552688216,14.2762853163081
2023-10-24T21:00:00,0,2.463382570591423,45.35379580257816,1.2915548641307497,2.68981509929952,53.25637436974071,2.667965320488057,2.3529205654996135,46.952154528771764,1.287638051273472,11.932387298106761
2023-10-24T22:00:00,1,4.222217168113513,45.66894764863806,1.227806057812632,5.571702668014597,58.069732425402,2.689163650336263,3.3546579748551775,45.60451475949958,1.3775076493655518,17.79134995467575
2023-10-24T23:00:00,2,5.876754375842943,47.95814093340322,1.237266597275853,5.672355845778209,59.178764120414186,2.3886371801757917,5.811676309437171,46.551630451542515,1.2215532697195666,21.722926594835045
2023-10-25T00:00:00,2,5.122193262228846,44.81625532280059,1.1937887776492728,6.522639455859151,55.41607415241851,2.6720557479873377,5.494610210293205,48.01539033328316,1.330910087123313,24.954431584762297
2023-10-25T01:00:00,1,3.8878622313160776,44.9267634631388,1.16282099975472,5.328743196416564,55.216091736622786,2.3882336242233353,4.142208361618255,45.5666523630771,1.3736579486287661,19.460062874844446
2023-10-25T02:00:00,1,3.4059715195733915,44.676009075092146,1.124446550518632,5.455017731442663,57.116473703949616,2.3344243051655855,3.1787278453611383,44.66641136918488,1.2261060176093652,17.528341364171126
2023-10-25T03:00:00,0,1.1002819365261933,43.225750522813364,1.2571815987002546,3.642435606335518,56.224695615560236,2.5409315051733596,1.4743889597172875,47.098897685194565,1.3624972427089779,12.88609286863089
2023-10-25T04:00:00,1,2.824903901528166,47.150217752126814,1.1240217748482948,4.503315800902513,56.41800236630184,2.432769358922933,4.403078917338881,46.48548788186416,1.2129999842764796,16.80595486283077
2023-10-25T05:00:00,0,2.113639198969223,44.552237901943684,1.2928461168178649,2.8044211794833664,54.6664799622783,2.5368106405034427,1.866445735288767,46.083732737771626,1.2928933588949807,12.54128299616049
2023-10-25T06:00:00,0,2.581628005718909,45.014681439875204,1.1354136320534909,2.1172415589742126,53.512732070973286,2.6085312560491136,2.033412200253216,45.943016644288406,1.255396351697088,12.950028169745135
2023-10-25T07:00:00,0,1.6874860514506334,44.4179224901052,1.1656072247646025,2.5031977646133514,54.02875522946889,2.3842676466294357,2.4740059922031468,46.01812811927213,1.2698120315687746,12.345102669743564
2023-10-25T08:00:00,13,34.97814425370959,52.2290791259998,1.2537210782208654,38.034604628333966,63.05612722374955,2.556821300469785,33.88455646598082,51.61858528338039,1.219121274915125,114.76332819669712
2023-10-25T09:00:00,14,36.336721456463316,53.39415569384037,1.2934206773028103,40.03474085355012,63.66352690505329,2.5294489232555017,35.62233700615068,54.71525062336205,1.3013485797950843,117.66894452311774
2023-10-25T10:00:00,10,29.839451828108473,48.18323208287515,1.2830538496444392,34.27586170831633,62.31953605297507,2.6137579653703815,29.816390423646933,49.3387419172199,1.3611174164666706,99.54258037203356
2023-10-25T11:00:00,13,34.828883893344035,51.05348647377242,1.2112705083316204,38.44733410710751,64.06442689690174,2.6958624734673586,35.30740808188842,51.422150193923976,1.237508427690609,113.80546141359916
2023-10-25T12:00:00,14,35.712283261709516,50.34039521826222,1.2856663453968282,39.66169609410143,64.67020104186152,2.5213204898173847,36.44481972610999,53.317860277969096,1.396626591872947,116.91995067008365
2023-10-25T13:00:00,13,34.878744182233795,52.26174890726785,1.1440720493090253,39.3065055673485,60.227236858819694,2.4705596171849096,35.37883122473618,53.044681940276945,1.3523331513805237,117.56096976235388
2023-10-25T14:00:00,11,31.552391702495463,51.61652563372844,1.1800183519939007,36.27499451503364,58.906052753395336,2.602272168355494,32.24838984934192,52.821172884294235,1.3263402958000068,105.32507233595874
2023-10-25T15:00:00,12,33.83815863061525,49.84422539472646,1.2149835698644715,37.76462289556829,59.680602372265824,2.372006229664983,32.955511152704375,50.15299751691575,1.2837992994595937,110.93601845364239
2023-10-25T16:00:00,10,29.88811666379767,49.56974311720836,1.2491449581943719,33.62389209488541,58.193920354351334,2.4024457244316038,29.864325344416656,52.90287750686874,1.2864343561060525,99.65762926348248
2023-10-25T17:00:00,15,38.11825125094524,52.62136869490765,1.1345417717955484,42.868605123852845,64.83083661723822,2.676593905938935,37.24172340316675,51.62636850043629,1.3720071547338488,122.77959874321904
2023-10-25T18:00:00,11,30.723572797080585,50.976164160500275,1.1102790957355122,36.19968980956413,64.09060812137103,2.3599008876462415,31.246831949741953,51.23673821654255,1.2135859541485041,103.41398290356945
2023-10-25T19:00:00,12,32.35595891477628,50.30327552543283,1.183106148430202,36.942622261800366,62.92817837851422,2.5337608432648224,32.128350900096116,50.90318879669774,1.384633402637039,105.6907681112073
2023-10-25T20:00:00,0,1.456964223190785,45.569535055362266,1.1370854690757377,2.913469534739386,52.11627021852274,2.3004334542265648,2.714592327463454,46.77746521629975,1.3240797290947754,13.371335663604823
2023-10-25T21:00:00,0,1.3088473404196388,46.009683364053366,1.1156982647027562,3.446640141012373,57.43271896777346,2.3987635284752686,2.281870581086855,47.14219053435828,1.3998721942190944,11.780638406743872
2023-10-25T22:00:00,0,1.1264006315788533,43.698811236710526,1.1517933080889928,2.069885745406604,55.50577997026797,2.6533035998232917,1.5550251700676645,46.7259769220418,1.3031437340959906,9.32155626844018
2023-10-25T23:00:00,0,2.461279970455534,45.34776711591632,1.1337643328542857,3.9392774673939854,57.70826829561376,2.651711216400483,1.028880177981477,45.53741955821423,1.220857266767498,14.621075104121127
2023-10-26T00:00:00,0,2.9495176745442295,45.07987742158368,1.1981838562586578,2.6459857861835774,57.39594122919403,2.316679995101116,1.8373885019727048,47.59601115540707,1.3649432162359911,13.025833174019498
2023-10-26T01:00:00,1,2.693968216463741,43.97823489244213,1.2792507872992775,4.181513968936562,53.56329830184625,2.570202251091034,3.1894997540261554,44.80530518520479,1.3581436853759359,14.69031706632048
2023-10-26T02:00:00,0,2.9996097176777745,46.61785553024982,1.1909069635648373,2.919535922785504,56.328487407944756,2.52122618617904,2.4046303066800956,47.29348957616646,1.3366054318070044,14.34926463213556
2023-10-26T03:00:00,2,4.904904023919801,45.40594187306692,1.1368553283203955,5.691296950471478,58.919302465231425,2.3099471415863166,5.078767107916326,46.446006918531204,1.2338656701801936,22.916363495669067
2023-10-26T04:00:00,0,1.197589254779808,46.839392633193654,1.1631952014241573,3.4472222740237246,55.70980583924205,2.360971849060581,1.3023621518866126,44.55827518036978,1.310321231172486,11.617795089159479
2023-10-26T05:00:00,2,4.985914912309097,44.93592023174803,1.1990347113583553,6.022376470839639,54.844596793018134,2.5036707984964206,4.582555270946948,47.09065742104292,1.3750746180591056,22.013500387992856
2023-10-26T06:00:00,2,5.9798803116013985,44.725567756800714,1.196257880814501,6.132593986446167,58.87267979637763,2.3045651262710116,4.808310880203187,48.18529157163177,1.3639145314069638,21.191754749644304
2023-10-26T07:00:00,1,3.340234978151577,44.99952425509986,1.1551569629554004,4.2512337464105965,56.247122347717145,2.548783608024379,2.70221789512859,46.990039664614294,1.2455678763615594,14.715360915486341
2023-10-26T08:00:00,11,31.27151070750554,49.32597978338634,1.1215204258067673,36.47378523272002,62.25614264310986,2.4690154903374646,32.063982264505476,52.858613097818,1.2441122177617743,107.05845124383788
2023-10-26T09:00:00,11,31.49527676590521,51.52573500675729,1.1907997099676966,36.27534157689345,59.84577829687954,2.353458066074996,31.35485423620507,52.802087883585045,1.2134581468770613,104.609033853491
2023-10-26T10:00:00,10,30.93504318332124,50.74001482971054,1.2619566643448228,34.88464204596388,63.567350898634096,2.661645717240636,29.360657406496877,51.67957220180866,1.240054175880634,101.16289652780962
2023-10-26T11:00:00,13,34.315327744728314,52.12027589887904,1.2097313768233875,38.418079226759616,64.56821335115451,2.326868731267237,34.265312075286786,50.941866039805994,1.3793983186682717,114.43604449349124
2023-10-26T12:00:00,12,32.32014121473865,52.741740919104984,1.1702561422749707,37.47504112480327,64.74212977320113,2.583406024764342,32.96348184551728,53.56792696167048,1.2541444043972645,106.78001241588242
2023-10-26T13:00:00,13,34.06704411323656,49.808108950225154,1.28257935298686,39.0125807211556,65.7495751497894,2.6803587278850074,34.13075161838125,54.13449997216434,1.391200201349465,113.25240739101365
2023-10-26T14:00:00,11,31.183513040425638,48.7782789519075,1.1610574590218794,35.4935745915008,59.307353691719634,2.315608034768261,31.8536364303171,50.58492666771266,1.2455877483902813,104.77133223302413
2023-10-26T15:00:00,15,38.428461725208955,50.90630280908495,1.1082609381282174,41.935625115963504,61.85554990307525,2.6447516917701455,37.69819209623465,54.93670117374215,1.238817791941453,123.39975758042999
2023-10-26T16:00:00,13,33.97978832091827,49.64994557383925,1.2213171555918627,38.62180619126818,62.29191744264176,2.516381542739741,35.0796499751968,53.860309894743324,1.3491331966275906,112.70984421948722
2023-10-26T17:00:00,13,34.133594725511976,52.159808230421596,1.1648303897860621,39.77059761965965,60.01771152663682,2.4166770208036827,34.63517235933186,53.30391152693085,1.3059117138894694,113.14384812453918
2023-10-26T18:00:00,15,38.344723041260536,53.67427839708599,1.1357435763306585,42.00822193444757,61.74663193298658,2.333674235570686,38.36948974551927,54.371925536001484,1.3013001973551084,124.65915362371985
2023-10-26T19:00:00,13,34.94350039189443,51.254476581019965,1.1339932308308045,38.13356849850318,64.36614296575469,2.5570733004772124,34.55561920235611,54.1586612572488,1.3949970440746131,114.64942168912357
2023-10-26T20:00:00,2,4.322535568323666,44.65522802414535,1.2343588023970167,5.7283996448852115,56.045321130901144,2.4257513288829458,4.244627745253309,47.91082142647042,1.2537024344869974,18.677726893415
2023-10-26T21:00:00,2,5.448512814695211,44.2575425314466,1.2232158040256293,5.235191609616534,55.40196629656387,2.3461390704083067,5.196307504636059,47.02950690061728,1.3811629770776617,22.457935187537846
2023-10-26T22:00:00,1,4.182067607759165,43.9171319701801,1.2492919894275472,5.197533176103914,52.65800809773315,2.5247001410408454,4.373332623788131,46.813085942576514,1.2133788393443383,21.286079657934238
2023-10-26T23:00:00,2,5.4121829928718475,47.550034429473534,1.2690282800563057,6.0315961497453845,55.773114714411264,2.6653810645088925,4.271527179442026,46.37751897357588,1.3746137242109702,21.1140544040231
2023-10-27T00:00:00,2,4.192722580133803,46.25067039383079,1.2599540735919346,6.134164111500792,57.8736117756931,2.3000507483165817,4.844941260280773,46.99663262827561,1.2885135010635622,20.439360963865035
2023-10-27T01:00:00,2,4.695708052078479,45.103479872286826,1.1356655182019486,6.030224269164969,56.597247364372464,2.373651139915873,5.5410620420208065,45.54676367985912,1.2327770918053311,23.46807609132474
2023-10-27T02:00:00,0,1.4087380538471217,46.173364949056726,1.191689327322623,2.7815606356476286,54.709799830270285,2.46705641983176,2.5613475217687327,44.96555064593278,1.2230890003669324,14.544052263605469
2023-10-27T03:00:00,1,4.097135955310033,45.89371699509327,1.168297889213726,4.616548812442961,53.87652037323148,2.329876147345237,4.266386991650602,48.107155302746506,1.3551858570529602,17.63446488657265
2023-10-27T04:00:00,1,4.398893006358736,45.87018113172937,1.2092070013468421,4.977534657634953,57.098617951056546,2.661750513357196,3.9633719067224016,47.496131852988874,1.357988803407487,19.797046268557736
2023-10-27T05:00:00,2,4.20752579518422,44.60025304842682,1.2403241318817766,6.611392224320165,57.16035214081379,2.5155755834319247,4.595477508232461,45.857505862770715,1.3440559492861788,22.420521842033274
2023-10-27T06:00:00,0,1.2123555165801747,46.9348008094157,1.1245002252059724,2.84191188988306,53.17002134167603,2.5149176531889847,1.9479659267522453,47.513743983391436,1.2935074073810506,10.437110531088631
2023-10-27T07:00:00,1,3.099605844055451,43.62505968243827,1.2813325826486015,3.6496670434110583,55.8546110448603,2.4533535042488963,3.668685956614765,45.838977945699156,1.2986422007292813,16.081543143280832
2023-10-27T08:00:00,10,29.473741293274543,49.83855483371462,1.2489412463770635,33.048065004278456,63.462411491539335,2.5642587487268154,29.005178365650977,50.32357462913238,1.3949736889666489,99.19505495150113
2023-10-27T09:00:00,13,33.91655761107596,53.16222018610568,1.2056583112065664,39.21290469055276,60.19583748607402,2.625653186032313,33.52756799960899,50.58997552621709,1.290548633373891,112.82829326886635
2023-10-27T10:00:00,10,29.55945415890759,49.40536814678903,1.2322899551337267,34.5459859356805,63.51677409397793,2.606658266969786,30.586173915584254,50.235849005327694,1.3724397965097985,99.5357404710816
2023-10-27T11:00:00,14,36.267345944980775,51.52086310254396,1.230654918358182,40.408588858129164,61.344507787222234,2.429308325744223,35.310799606633914,53.658252474974915,1.372323620496848,118.04356757575457
2023-10-27T12:00:00,15,36.70047774174322,53.75886680253817,1.291589249746588,41.44735748949364,65.76640557917777,2.4497458081852974,37.22905062899877,54.20868510053069,1.2771237986251254,119.39650936437806
2023-10-27T13:00:00,12,33.06552075436081,52.55157118723999,1.2784369406612608,37.14364788441861,60.4976297899764,2.513649417261691,33.769217223486045,51.552404703837794,1.2654307542809407,108.93315821827244
2023-10-27T14:00:00,12,32.41355685209781,50.24429676300305,1.2443332958297222,36.54226398539761,64.65461226868071,2.6911242346123148,33.06529361485532,51.740008608747495,1.350576079377431,106.88807755352398
2023-10-27T15:00:00,15,37.86132075270397,51.58408972324518,1.240429762677028,42.5699787917798,65.17980668526091,2.671378123800327,38.375861918298305,55.408216582067006,1.3208674415373163,126.47636476831323
2023-10-27T16:00:00,14,36.92096015945332,53.73698594637931,1.1825978611464347,39.94188139044968,64.63708936223713,2.5820889737512966,35.13201343160158,52.0390912785708,1.2646797143061272,119.8237821131213
2023-10-27T17:00:00,14,35.490594733272275,53.74267125920735,1.2748207772057134,40.401463459950946,64.07213582907998,2.503785639817225,35.28730959505522,53.74886080428588,1.286728781070773,117.78046649018921
2023-10-27T18:00:00,12,32.03217604405617,49.290716761110296,1.2266215517752894,37.42483385646092,63.69668183836977,2.3826145537791046,33.204021420452605,51.73103880539473,1.3446558330265084,107.30859108859485
2023-10-27T19:00:00,11,30.936602405413833,49.3687110374585,1.1954446831368342,36.00267842515147,62.772795517909174,2.3991241180081038,31.81669615914161,51.88262329026148,1.367137369690083,106.15622955098422
2023-10-27T20:00:00,1,3.6195716259431787,44.11824403477654,1.116423493306243,4.71643227946005,57.847979998906474,2.674628738696756,2.7139301796245734,45.49820441478545,1.2220715722145203,17.364702291362867
2023-10-27T21:00:00,1,3.1306995729139784,45.761401617999994,1.14307008250656,3.819693909381976,54.18077493308008,2.6698476794614985,3.320032733637429,45.46956913145327,1.2648273263034662,15.905442335509296
2023-10-27T22:00:00,1,4.468231592238611,47.476893925536544,1.2106287196254486,4.2709813768136815,57.02625952279936,2.5650375591251424,3.9816160754365804,46.964224034552274,1.3055653785816237,19.17211891607196
2023-10-27T23:00:00,2,5.037027109148511,45.928257090650135,1.117612481708206,6.222987739899676,54.7033047083233,2.66304793409571,4.2222435382952614,48.43018420347581,1.347195095032695,20.2198340457863
2023-10-28T00:00:00,2,5.7869922291999645,44.989867663508285,1.160559813346449,6.832379456413756,58.08151251568097,2.587595547310699,5.839359788208769,45.58450909036072,1.2293345466973493,23.68323352975088
2023-10-28T01:00:00,1,3.3612250792785634,46.25826505209358,1.1170891364622566,5.166854262898273,55.6790278695097,2.5516683016538995,4.373679023580443,46.2896791516467,1.3849589836206682,18.494398974373325
2023-10-28T02:00:00,0,1.7171097211980246,43.81235776865145,1.2961637205926706,2.8897421438293738,54.61348280934543,2.60132765514998,2.238834710262287,47.936426793065664,1.250895878831425,13.517325172616808
2023-10-28T03:00:00,0,1.6176898583491193,46.036175123890175,1.2678512671385638,3.2597844071919795,57.747572482085815,2.556337120501088,1.5350758789975527,47.09006800242994,1.243462078251623,12.68006733240314
2023-10-28T04:00:00,2,4.7385916175369225,47.28523815210769,1.1316806339636096,5.7585079420626695,57.04322306956389,2.4250361304199837,5.3124045701558495,46.75957480384599,1.3509890992744606,23.6382281377913
2023-10-28T05:00:00,2,5.225290835075594,45.98545912727079,1.11927372051133,5.967139287805182,58.008987333278526,2.6161888545268495,4.329654847235249,48.847152148386634,1.3327203097143059,21.563598931533093
2023-10-28T06:00:00,0,1.200856318049352,43.59979562272992,1.2221590877372652,2.9225809943970464,52.984105211817464,2.3422224441851003,2.6311710851284325,45.816218231421786,1.3980033127090978,11.247889293213497
2023-10-28T07:00:00,0,2.8067172879835205,45.633969069594755,1.2669507116959413,3.2848575821364863,56.311477434498066,2.5183628373676945,2.8425408215776047,47.306881926429014,1.2599068551148316,13.255697297025492
2023-10-28T08:00:00,11,31.113357642210048,50.76167431506933,1.263114035306982,35.36563617342546,60.81273802989789,2.460943481142757,31.539250586058124,53.07044765026764,1.2788992336115879,105.19957658601975
2023-10-28T09:00:00,14,36.13441320028818,51.064105097115586,1.121144801637041,39.690035485677704,64.21453382578581,2.603729207387574,36.92038401339946,52.81466779439148,1.2035285056332934,118.23269222194651
2023-10-28T10:00:00,10,30.727272671339527,50.40504735401239,1.1218392162125923,34.86555719584271,63.351723406359056,2.483482778594806,29.68851686492117,52.133512108216266,1.3264532379064577,102.33034613495165
2023-10-28T11:00:00,10,30.076332648480374,48.39375705477256,1.2932111593717557,33.48645466314117,60.97931619333453,2.3408345989164783,30.86582477976483,49.2708030375669,1.2508513855391428,98.43314582656475
2023-10-28T12:00:00,10,30.831852554443447,49.21800641138869,1.127909384394119,33.15137879731999,61.58362988407772,2.6777644867259407,30.835787333172824,51.88747450608626,1.2875379475140671,100.05462830702623
2023-10-28T13:00:00,15,36.97334059256084,53.81509331018729,1.216557083268947,41.09269288561494,61.052056857546695,2.5442820730911815,36.675349324377194,54.51104601128442,1.3343785249049098,119.57493990079449
2023-10-28T14:00:00,14,36.25437758438244,52.79338305501853,1.1702638370477032,41.06767565832533,61.05129032952572,2.6903222847602346,36.33800392193733,53.29214665694427,1.3767278834726746,120.0936447106887
2023-10-28T15:00:00,14,35.68516629232548,50.7095793944234,1.2706997361313466,39.45850611426509,63.664145732306515,2.441218344267311,36.559932618821094,53.96882500723638,1.2128250523133481,116.57648900738577
2023-10-28T16:00:00,12,33.95188341204151,52.40680108668781,1.1459535971301833,37.842539625225,64.10528737394341,2.364147572824659,32.938824591108194,51.13650273721466,1.2279098135950646,111.47988847650039
2023-10-28T17:00:00,13,34.48084398871336,53.29834168283525,1.1466445029160601,38.729626251874336,59.847071531982216,2.674434260721761,33.54895155629809,51.85054209567083,1.2608985755903024,114.35016214551969
2023-10-28T18:00:00,15,37.89815047582556,52.78965384590098,1.2060898597310508,41.73818853269269,62.82041966326714,2.6806984569221535,37.432893613119326,52.692240736215204,1.3298818950537092,122.35096565603298
2023-10-28T19:00:00,11,30.991252165366582,51.502929877451145,1.1093838072246278,35.845854399590905,63.05369097211983,2.6739124312342315,31.67553453046996,51.98389709081628,1.2379007793874433,102.93088205044307
2023-10-28T20:00:00,0,1.9226548225446143,43.04623551360761,1.176037675068071,2.155911938770053,52.128072587316126,2.6776866380864024,2.4254160894114607,45.932058718845106,1.3084591649447421,13.660131825208367
2023-10-28T21:00:00,0,1.3270115377014913,43.71902911327895,1.253177200609918,2.0661618702261793,54.030866604282004,2.634201112625821,1.5834301156895343,44.680798082610046,1.2281936901439152,10.556808802647794
2023-10-28T22:00:00,2,4.076824123223175,47.826206759211054,1.2942789291888404,6.135782720541832,55.37941515444983,2.3309053134046085,5.965446105908343,46.44970799456712,1.2099202377965432,22.1371940592583
2023-10-28T23:00:00,2,5.505943888656149,44.51632547172438,1.2286979029342857,6.42532395291274,54.086297934592544,2.356267634250862,5.59621146665712,48.966532355983006,1.343016069925749,22.805630823607714
2023-10-29T00:00:00,2,4.519847166609281,47.24384598679751,1.2806000128512514,5.8197171105804895,56.907999185714324,2.6183125051439196,4.256506703228259,48.8040714129571,1.213847638750225,20.21248078277452
2023-10-29T01:00:00,0,2.6168782686705745,45.09403218101133,1.1782394296973846,3.0348199731811976,56.30177899623619,2.571396674853124,2.404882133106147,47.14266667141541,1.3725725726718971,15.17892430657539
2023-10-29T02:00:00,2,5.4030722833132,47.51953093406576,1.2464578087356237,6.205867235327689,54.90376514425042,2.3029570568068407,4.248920002149514,48.20403488985794,1.265745116591912,20.19205417709988
2023-10-29T03:00:00,2,4.061925337036251,47.01747475546282,1.2649096565838422,5.957306400538814,54.28726776281962,2.6348583285435123,5.5397661777543785,48.717768721251005,1.3817548399868549,20.629266298390466
2023-10-29T04:00:00,0,2.974006690836828,46.83336241590812,1.279265531554345,3.4649485436080716,55.023905259224364,2.4821610733445825,1.6769978100831222,45.113095800331244,1.3089707788167577,13.358911975661847
2023-10-29T05:00:00,1,3.6178490364040545,43.994387903485666,1.2912652488826108,4.962239591741126,53.61782129375506,2.6167028671378456,2.6376300514278213,45.41758479876919,1.264327044836609,19.127258833415276
2023-10-29T06:00:00,2,5.44656334000205,47.55841580042931,1.1152999913230963,5.602538135796645,56.95703892697246,2.647633208134142,4.24804287105584,45.9594885064646,1.3904035866028894,23.062475791645248
2023-10-29T07:00:00,0,1.1619704571726548,43.2701421936923,1.199454393436558,2.319366753987607,56.169246079729824,2.664796710593877,2.2574280664680604,47.578120387698625,1.3964150721654032,10.950234740323253
2023-10-29T08:00:00,15,36.84537807525254,50.58917767840999,1.2995452083802868,41.02931999003427,63.96837260838699,2.690021080253504,37.93494211415415,51.6825660825316,1.2206612226031361,123.1175032846166
2023-10-29T09:00:00,13,34.33408291698821,52.37841186735996,1.2891719391487775,37.9244749759146,63.81348704669961,2.3197328643367823,34.30114703625127,54.48741725036667,1.374009433528859,112.97824801926319
2023-10-29T10:00:00,13,33.652325400857514,49.52282984148685,1.2935347939555994,38.59012028679994,60.86770940428925,2.541023326529232,35.384787199625976,54.10187391311744,1.202586982030632,111.81362443330387
2023-10-29T11:00:00,14,36.44357019911679,50.52649733169201,1.1202917780059183,39.658571017684835,65.33342578102554,2.3046755188093337,35.65027309761741,53.61301350813942,1.214643222217158,117.53527363692712
2023-10-29T12:00:00,11,32.38594097353982,48.73358014429686,1.183630342071273,34.75711244194292,62.631637168590096,2.3864707629349606,32.14136394574083,53.029253587112265,1.360773825410286,106.10596171111156
2023-10-29T13:00:00,11,31.822317865887197,51.5713103744371,1.226397033406479,34.98899123290411,60.265384981606225,2.616792167461665,30.95542953458522,50.39093768892212,1.3928182906469067,104.159253051873
2023-10-29T14:00:00,13,33.889255391598404,51.56439339042012,1.1950364222418757,38.091355113920926,65.71863223908662,2.342060665942113,34.53514662862315,52.99032821258481,1.2271086158217912,114.375439360156
2023-10-29T15:00:00,11,30.505313336672888,48.95722561464876,1.111935424309354,34.909744351616716,59.82622663490019,2.621222262835619,31.524730804091774,49.533148190897,1.292140963038538,102.1004811420121
2023-10-29T16:00:00,10,30.76173506654829,50.37800269884768,1.201037240251193,33.17655280003351,60.387232300946835,2.3595390414469533,30.38942268550123,51.197819101243134,1.2821918082090225,98.38717862258319
2023-10-29T17:00:00,15,37.05871556536677,54.22375951928622,1.1740799411115475,41.61762593590623,62.80085879465235,2.3007775787191513,37.01630617466845,53.005989425069146,1.367018867218497,123.09615557765795
2023-10-29T18:00:00,14,35.917244117915985,51.137436305624234,1.1185586798480682,41.37035393627649,63.90115262327115,2.4077546546103354,36.82871811641669,54.16915048458931,1.3902503328379003,121.09569257946717
2023-10-29T19:00:00,11,32.39050519314246,48.67454221550202,1.1564709009590666,35.62307808157157,61.636704542718796,2.4965114459753726,31.106475481999496,50.9780514168955,1.2819481901676555,105.88446194581527
2023-10-29T20:00:00,1,3.726103173950581,46.12150860626831,1.2862808262164411,3.8627576467828937,57.147766290252264,2.518892670273489,3.7728974180536525,47.51676204669253,1.2011210278273166,17.64782718506357
2023-10-29T21:00:00,1,2.736471162411936,46.31170206174507,1.1686073153553767,4.792758930003798,53.83592778383181,2.5864676448454014,3.9860003730727422,45.00025468438346,1.2364777861778682,17.589599654825463
2023-10-29T22:00:00,1,4.139988218153952,45.85353233633997,1.2490402739225603,4.889664413027187,55.05190096356426,2.682909277048837,3.502681269824303,45.299786465362146,1.383530743905774,18.655447204462277
2023-10-29T23:00:00,0,2.849546736727673,43.56746865275365,1.1071697676081165,2.5290134530175017,54.77925383068124,2.601640794281838,1.5581943143837989,47.4273730825086,1.2084787114216617,11.174056322747365
2023-10-30T00:00:00,1,2.648096619332067,44.87460677272928,1.17057002043917,4.002284969310955,53.3272932607673,2.480098494488539,3.4632486135774814,45.38144629943336,1.2850440831402743,16.978500225572308
2023-10-30T01:00:00,1,3.913274070634829,43.782305620021255,1.181836045929024,4.074285624436483,54.125886437544125,2.4328133521791298,3.17126107440379,48.44528116668176,1.3019172290357335,18.165476942132905
2023-10-30T02:00:00,2,4.094093481804756,46.26587556984707,1.2824150253131967,6.808902720449116,54.181719044472594,2.3146487207027384,5.969897421383022,46.275806429705824,1.2582419187233032,22.682873512048868
2023-10-30T03:00:00,2,4.6022248825021945,45.85121658996719,1.1741389627482892,6.184206870544252,56.019811213025186,2.3603954468979644,5.676777066079851,47.608779495544496,1.2491540573504007,21.08085906172854
2023-10-30T04:00:00,1,2.528147499400103,43.53808706340514,1.2651866063318329,3.8186193112096096,57.26324765230578,2.4834690192537465,2.9126776766730917,44.93118738629144,1.274010141591851,16.11507237638603
2023-10-30T05:00:00,1,3.205810264477447,47.29065091306569,1.1459806566397355,4.487298143368308,55.4738989743744,2.3135434467340152,3.0888053166777865,46.86990236333222,1.2156502831947704,18.15242963986772
2023-10-30T06:00:00,0,1.3576543885303072,43.50653237816,1.1996920955111243,2.1138990735107757,52.745544136855344,2.4892085409046087,2.5206395561534447,45.6382232225175,1.3663938101157556,10.536250273332268
2023-10-30T07:00:00,2,4.421381551253164,47.38126386197542,1.2419576581690353,6.401154096520769,54.42814932224009,2.5072161378743307,5.082126637878045,47.66310062798898,1.3343192121636387,20.548995418559223
2023-10-30T08:00:00,15,36.54725840116337,54.228009232463116,1.1043322111455727,42.21820918073169,63.49615372877872,2.4278037453175543,38.07226031548136,55.24899226964304,1.387200575225405,122.37565976012598
2023-10-30T09:00:00,13,34.24192431122457,49.59481107791062,1.176416530297847,37.80139899636397,63.43259176508421,2.54294397177939,34.28293044300194,50.78673294885458,1.3498100063579963,111.21225387118682
2023-10-30T10:00:00,14,36.60819209071755,50.61425164223448,1.1175694901878832,40.66020947155424,62.631744559878946,2.3003702491170923,36.19308081103765,52.21559909125203,1.2564434249735361,119.74592162235885
2023-10-30T11:00:00,14,36.695636326725534,52.84794739296741,1.2604772403429996,41.25438182422856,62.559575602323996,2.4196871732963303,35.25606607117419,51.38387697500288,1.2616794197274097,119.529002146955
2023-10-30T12:00:00,15,36.6028799667925,51.45286056472333,1.287650753318681,42.31671980435243,65.44727680997947,2.4886722629425013,38.40948721972498,55.18727673950726,1.3816209156980568,124.67579090081995
2023-10-30T13:00:00,15,36.99453100601043,54.021589892591436,1.1075396146910936,41.246654938553206,61.04581844338558,2.351241274751498,38.089759224652326,55.47424274008852,1.2575569283653905,121.14492004587223
2023-10-30T14:00:00,14,35.64915059416311,50.883082150944986,1.2929605458667321,39.890714997752816,62.90631075521444,2.690335130854323,35.616692169584205,51.956961771257006,1.2480804682948432,117.9064333172023
2023-10-30T15:00:00,12,33.436468095806134,52.69446975231954,1.1000214100095524,38.184328842583824,59.29098367666461,2.482423913686328,33.59873838882703,50.8073482586794,1.3510972933607943,109.91099732911627
2023-10-30T16:00:00,14,35.913686723613374,53.439808175848725,1.1726291517590497,39.469597400624075,66.15119693686525,2.3600523296280507,36.92497777407782,52.474208242209876,1.3949710016190233,120.28500637842906
2023-10-30T17:00:00,11,31.117711363329466,49.25049617319738,1.272837642556642,36.39156742931094,59.027105242397305,2.4541706550129576,32.45881086069935,50.58610806128705,1.309107568844647,107.76913022506108
2023-10-30T18:00:00,11,30.987068045260884,51.470220338352824,1.1477327058554019,36.49858892452724,61.95256214951433,2.6976423082192844,31.839774409575604,52.39399263732699,1.3566088731029344,106.16689660939545
2023-10-30T19:00:00,10,30.489481853712405,48.39696734190991,1.1638489266335144,34.23894074539186,63.90314477345631,2.30937085285278,29.975026028955245,52.724921671886925,1.3956485268407413,102.48610549978675
2023-10-30T20:00:00,1,4.409138650366415,46.40927810095857,1.200666831244311,3.8394819371472573,58.52027514972373,2.388050423358427,3.3527621925857103,47.84369797680037,1.23028872544856,17.72787354762862
2023-10-30T21:00:00,1,4.2748391527008245,43.737510743529214,1.2398793925512719,4.997227911991153,53.42213641332456,2.4400982104074425,3.009904946533798,47.23357057360257,1.3576296138422836,18.067106760117262
2023-10-30T22:00:00,2,5.893409104712546,46.02017521168182,1.2479572815725049,6.812187316429036,55.06664459166843,2.6205268507607777,4.72355463646339,46.35851782696757,1.3058894475994307,24.152622966960394
2023-10-30T23:00:00,1,4.1365531762949335,46.39641292435097,1.1303129421915346,5.014154853070442,58.39401891731269,2.3110380532544954,2.560139616783812,44.806502497221764,1.3888067817620646,17.68189371062018
